long,lat,ADM2_EN,ADM4_EN
33.4255298139429,2.77272894969895,Agago,Adilang
33.560547089286,2.76626881379447,Agago,Adilang
33.4364536873977,2.70461570422724,Agago,Adilang
33.5406385528236,2.75765413833551,Agago,Adilang
33.4407065305354,2.64081477970484,Agago,Adilang
33.4943886652616,2.73694710549075,Agago,Adilang
33.5009306342429,2.67383811030933,Agago,Adilang
33.4397166168182,2.70722113599653,Agago,Adilang
33.494743901331,2.65255540543212,Agago,Adilang
33.5137282149881,2.71969686530201,Agago,Adilang
33.5040591951513,2.790190730745,Agago,Adilang
33.5037151927628,2.70408216264687,Agago,Adilang
33.4588374063169,2.79782806499726,Agago,Adilang
33.403065674014,2.67249025561944,Agago,Adilang
33.5447300785884,2.75712956073469,Agago,Adilang
33.4887564616478,2.68385908067226,Agago,Adilang
33.4879140054549,2.74259697570573,Agago,Adilang
33.4263893128755,2.69587064551947,Agago,Adilang
33.5647964508825,2.7622006065977,Agago,Adilang
33.4060660656836,2.76136855652309,Agago,Adilang
33.5127224249248,2.64978293300024,Agago,Adilang
33.4924386651339,2.75809608834736,Agago,Adilang
33.4406371962132,2.75531652277541,Agago,Adilang
33.4970821542696,2.65750988322642,Agago,Adilang
33.4581133008037,2.61503527308894,Agago,Adilang
33.4051758409308,2.72215372636506,Agago,Adilang
33.4669821405108,2.62164834917114,Agago,Adilang
33.3975676519903,2.79054754063203,Agago,Adilang
33.4079057186498,2.78559985837527,Agago,Adilang
33.5214401243234,2.73853960317141,Agago,Adilang
33.4334132540464,2.72366577859514,Agago,Adilang
33.4878197374926,2.63620955430479,Agago,Adilang
33.4616886090381,2.75336471175156,Agago,Adilang
33.5184891680104,2.80563946886324,Agago,Adilang
33.4555836797657,2.74333741952674,Agago,Adilang
33.4714535084691,2.71610385132023,Agago,Adilang
33.4944716113381,2.63532472475889,Agago,Adilang
33.4574592556296,2.61846348459096,Agago,Adilang
33.4293678261858,2.79768160421221,Agago,Adilang
33.4792424395108,2.78046174073034,Agago,Adilang
33.5536619954765,2.78776348365241,Agago,Adilang
33.491073512573,2.71413299516681,Agago,Adilang
33.4989855594257,2.72690070863428,Agago,Adilang
33.455326724024,2.62698167521147,Agago,Adilang
33.4437969782755,2.6893057696662,Agago,Adilang
33.4500620855244,2.70524097068603,Agago,Adilang
33.4266736783048,2.80536869733503,Agago,Adilang
33.5012185492392,2.78532331942365,Agago,Adilang
33.5061996668263,2.80037633063803,Agago,Adilang
33.4766666566308,2.62792044631195,Agago,Adilang
33.5290227391349,2.78467059907368,Agago,Adilang
33.6010904939118,2.78811873741362,Agago,Adilang
33.5405476188487,2.72323105524329,Agago,Adilang
33.4971358620921,2.68683975401612,Agago,Adilang
33.4460707223903,2.64689342814559,Agago,Adilang
33.4652674355698,2.69555069203769,Agago,Adilang
33.5160146675572,2.66931828876859,Agago,Adilang
33.484471899144,2.7538045947505,Agago,Adilang
33.522569026388,2.62113705400361,Agago,Adilang
33.5058971170898,2.66531823053501,Agago,Adilang
33.505253841141,2.72688261259124,Agago,Adilang
33.4534159638351,2.60879683500643,Agago,Adilang
33.4202111726878,2.73040671989369,Agago,Adilang
33.5146404931615,2.71839052968533,Agago,Adilang
33.5027801666944,2.78165949831345,Agago,Adilang
33.4269815891326,2.76923264446321,Agago,Adilang
33.4451165068652,2.79476215531523,Agago,Adilang
33.3923375500217,2.78879050827773,Agago,Adilang
33.4708485467074,2.63757745435684,Agago,Adilang
33.4224913629359,2.72140811109071,Agago,Adilang
33.4193537726037,2.75306993736876,Agago,Adilang
33.4913584662447,2.7184194638169,Agago,Adilang
33.5554560702476,2.77612875013457,Agago,Adilang
33.4858987498769,2.62661833282329,Agago,Adilang
33.4585700073367,2.59463001950266,Agago,Adilang
33.4732247415317,2.65329496140976,Agago,Adilang
33.5112853820393,2.62476370994903,Agago,Adilang
33.4667983410213,2.74488734827894,Agago,Adilang
33.3937310907211,2.73967732250683,Agago,Adilang
33.4756290819318,2.72991571638372,Agago,Adilang
33.5211052726783,2.61230754553258,Agago,Adilang
33.46704668791,2.65706513182081,Agago,Adilang
33.5142246286756,2.74045255332389,Agago,Adilang
33.4632361638239,2.7838810826637,Agago,Adilang
33.5304067684692,2.7093505088225,Agago,Adilang
33.4261565247936,2.73970567276093,Agago,Adilang
33.4365153464183,2.77146064150361,Agago,Adilang
33.4990475308864,2.72595517688931,Agago,Adilang
33.4999413779092,2.68760619982283,Agago,Adilang
33.5020652949967,2.62604256400978,Agago,Adilang
33.5185728310547,2.6157561164599,Agago,Adilang
33.5598422240808,2.7536054246811,Agago,Adilang
33.4630765987201,2.76663416763226,Agago,Adilang
33.4580466715489,2.63338263964719,Agago,Adilang
33.5096197888214,2.79996460677144,Agago,Adilang
33.4570161338544,2.75699165252767,Agago,Adilang
33.4965609846036,2.59537369550998,Agago,Adilang
33.6032372056198,2.79060371676229,Agago,Adilang
33.5614582953699,2.78153243879705,Agago,Adilang
33.5081616126418,2.7070342709191,Agago,Adilang
33.4420136373835,2.69872026204921,Agago,Adilang
33.4780852703689,2.7255763110184,Agago,Adilang
33.4299406518343,2.67377553266179,Agago,Adilang
33.5306863944985,2.77995435421448,Agago,Adilang
33.4719387011248,2.75992162889424,Agago,Adilang
33.4249209680408,2.77061613774982,Agago,Adilang
33.4585047011716,2.71665767724631,Agago,Adilang
33.4828196106996,2.70594079116032,Agago,Adilang
33.5024426480793,2.60470865209278,Agago,Adilang
33.4330423447285,2.64399116486214,Agago,Adilang
33.4559317784117,2.72412105835837,Agago,Adilang
33.4605121937889,2.78448571859843,Agago,Adilang
33.447223828064,2.71373195464881,Agago,Adilang
33.5537823269513,2.74350765093555,Agago,Adilang
33.5024237151049,2.67556531200049,Agago,Adilang
33.4123766282552,2.7095488711611,Agago,Adilang
33.4151555543623,2.74115363301187,Agago,Adilang
33.5692245877971,2.78341751230349,Agago,Adilang
33.4181753799003,2.6885779478169,Agago,Adilang
33.5282321268782,2.64568883692853,Agago,Adilang
33.3986604082501,2.77965959477246,Agago,Adilang
33.5084625797176,2.64112726084906,Agago,Adilang
33.4625345766569,2.74123564774797,Agago,Adilang
33.3498037769783,2.84099192435658,Agago,Agago Town Council
33.3335404610024,2.86744373902595,Agago,Agago Town Council
33.3532813328303,2.81802884925582,Agago,Agago Town Council
33.2921733859452,2.81657816515564,Agago,Agago Town Council
33.3303892856858,2.86367359046035,Agago,Agago Town Council
33.3184764169718,2.8223710978058,Agago,Agago Town Council
33.3173412604758,2.83438200054039,Agago,Agago Town Council
33.3336897469972,2.83563331632468,Agago,Agago Town Council
33.339982263596,2.86312907750912,Agago,Agago Town Council
33.330186737701,2.82370653515834,Agago,Agago Town Council
33.3306584342222,2.83937242330685,Agago,Agago Town Council
33.3424611684305,2.87653827327306,Agago,Agago Town Council
33.2953838623567,2.81532284547427,Agago,Agago Town Council
33.3336941971398,2.86362698923664,Agago,Agago Town Council
33.3395793495082,2.82391023660543,Agago,Agago Town Council
33.1826869490167,2.68938486563452,Agago,Arum
33.1622461765353,2.63056402125039,Agago,Arum
33.1554350316606,2.71132981343559,Agago,Arum
33.1491373138613,2.64717085770178,Agago,Arum
33.153285616718,2.72328431132341,Agago,Arum
33.1754954931019,2.65014367800928,Agago,Arum
33.1149308046848,2.70052594361774,Agago,Arum
33.1331614170807,2.71460833358283,Agago,Arum
33.1423139641536,2.72362515891876,Agago,Arum
33.2030055580061,2.68167787095167,Agago,Arum
33.1794970986948,2.64053557140231,Agago,Arum
33.1278696415937,2.72924892118593,Agago,Arum
33.1422230615618,2.64387196103798,Agago,Arum
33.0898613546055,2.70183092921179,Agago,Arum
33.0658250864259,2.72262807988568,Agago,Arum
33.1286969418151,2.71780632011163,Agago,Arum
33.1275641362768,2.7291972270857,Agago,Arum
33.1895544398907,2.65669908066872,Agago,Arum
33.186745715513,2.69514545491106,Agago,Arum
33.1649930772227,2.64694119143583,Agago,Arum
33.0807001976164,2.66913369341271,Agago,Arum
33.1630604951117,2.65718817392229,Agago,Arum
33.0502231417658,2.72797074367652,Agago,Arum
33.0995557473044,2.60926979341301,Agago,Arum
33.1317065371683,2.67829710724427,Agago,Arum
33.1604383031013,2.65022312510501,Agago,Arum
33.0503070146994,2.69111375084276,Agago,Arum
33.133503257658,2.70419581970269,Agago,Arum
33.1582373894046,2.6885360918296,Agago,Arum
33.1674828438873,2.6762103596666,Agago,Arum
33.0506758838722,2.71376549709689,Agago,Arum
33.178655377169,2.66143864420758,Agago,Arum
33.1417678149598,2.68904988403906,Agago,Arum
33.140497017158,2.69865240904051,Agago,Arum
33.0957949388309,2.70476455734124,Agago,Arum
33.1616392537248,2.72162906389715,Agago,Arum
33.2088022595136,2.6970300780874,Agago,Arum
33.1162345723956,2.6729806720336,Agago,Arum
33.1781714921891,2.60507652206283,Agago,Arum
33.0668988618405,2.6925134504463,Agago,Arum
33.0906310392087,2.704432686445,Agago,Arum
33.0986656527119,2.62072893813632,Agago,Arum
33.1203066366006,2.73526203799031,Agago,Arum
33.1904686025074,2.70709168730635,Agago,Arum
33.0700394873448,2.69716383186082,Agago,Arum
33.2048629179134,2.70125851704024,Agago,Arum
33.1059929491833,2.63909176924172,Agago,Arum
33.1887971332796,2.68667364073167,Agago,Arum
33.1297163130868,2.72617964529561,Agago,Arum
33.0502649602739,2.72474404785469,Agago,Arum
33.1375567487564,2.63222939476891,Agago,Arum
33.3661837482642,3.01598665110344,Agago,Kalongo Town Council
33.3660735625526,3.01793448974962,Agago,Kalongo Town Council
33.3639460092566,3.04478807647563,Agago,Kalongo Town Council
33.3638175747223,3.03130020223233,Agago,Kalongo Town Council
33.3929053401114,2.63760367072454,Agago,Kotomol
33.289913443929,2.60084602005568,Agago,Kotomol
33.2708577194555,2.65755873146936,Agago,Kotomol
33.278271591584,2.64632639245786,Agago,Kotomol
33.348080532792,2.67890247427623,Agago,Kotomol
33.4024736005363,2.6377071305348,Agago,Kotomol
33.3856173064985,2.67044878704925,Agago,Kotomol
33.2972859309955,2.62165925616933,Agago,Kotomol
33.2808783003532,2.60005160920524,Agago,Kotomol
33.2818754659342,2.64585364490163,Agago,Kotomol
33.3769201138027,2.64123011911355,Agago,Kotomol
33.3299027010856,2.6538625821043,Agago,Kotomol
33.3936180465354,2.65534839913129,Agago,Kotomol
33.3745044849665,2.6094515525705,Agago,Kotomol
33.3742341472758,2.63253384820112,Agago,Kotomol
33.3484551338361,2.6136796253475,Agago,Kotomol
33.2755328167476,2.64158946955231,Agago,Kotomol
33.3074999192037,2.65668430650362,Agago,Kotomol
33.2663895526534,2.62565385573055,Agago,Kotomol
33.3731133885117,2.61278449448539,Agago,Kotomol
33.2703261902369,2.64669495774137,Agago,Kotomol
33.3340723667133,2.66151832781744,Agago,Kotomol
33.4152113565831,2.64560582872045,Agago,Kotomol
33.2482728744905,2.62475119128055,Agago,Kotomol
33.4185967613968,2.64986454097847,Agago,Kotomol
33.4039058850341,2.60694254125156,Agago,Kotomol
33.3812536684255,2.66406854784266,Agago,Kotomol
33.376149271312,2.61088971718543,Agago,Kotomol
33.4250335143319,2.65360286930344,Agago,Kotomol
33.3519851838147,2.69003345987289,Agago,Kotomol
33.2663157188217,2.64264091898993,Agago,Kotomol
33.3800426981737,2.60771283073186,Agago,Kotomol
33.3651660676977,2.66072528896494,Agago,Kotomol
33.3848002081703,2.67436406062977,Agago,Kotomol
33.4115502327089,2.66006569475239,Agago,Kotomol
33.3932936312043,2.6658340578076,Agago,Kotomol
33.3286418530323,2.65963927326355,Agago,Kotomol
33.3661458380425,2.64281437582807,Agago,Kotomol
33.3477472058601,2.61877102867034,Agago,Kotomol
33.3506614577307,2.66978093538815,Agago,Kotomol
33.3153298194772,2.64340878345586,Agago,Kotomol
33.3701122304969,2.62051291778634,Agago,Kotomol
33.317996519982,2.64116589515722,Agago,Kotomol
33.3203093224348,2.62625115262149,Agago,Kotomol
33.3715647621951,2.6231856410432,Agago,Kotomol
33.287393202551,2.61998938400126,Agago,Kotomol
33.4218047687444,2.62039923968904,Agago,Kotomol
33.3449288273343,2.64548636620074,Agago,Kotomol
33.1014565405226,2.79569466310859,Agago,Lamiyo
33.1276132835403,2.82751088276001,Agago,Lamiyo
33.0159309576379,2.73857136457898,Agago,Lamiyo
33.1020179672313,2.80671821580667,Agago,Lamiyo
33.0941979512736,2.73265703930256,Agago,Lamiyo
33.1141031298337,2.77789487081461,Agago,Lamiyo
33.0778355249368,2.79498895650263,Agago,Lamiyo
33.1121662687816,2.80676849637596,Agago,Lamiyo
33.0798881094725,2.76981892317032,Agago,Lamiyo
33.1485751172903,2.80647401593932,Agago,Lamiyo
33.1093741516587,2.78055205814938,Agago,Lamiyo
33.099000819815,2.82949744598736,Agago,Lamiyo
33.0516564290381,2.80301831667545,Agago,Lamiyo
33.037420824755,2.74479259839797,Agago,Lamiyo
33.0730417668214,2.80110524871843,Agago,Lamiyo
33.1481291078364,2.76926918970475,Agago,Lamiyo
33.065408256564,2.81865593510416,Agago,Lamiyo
33.0742903954147,2.79792772180661,Agago,Lamiyo
33.0527142101834,2.76929485577603,Agago,Lamiyo
33.1273309140331,2.80935780343103,Agago,Lamiyo
33.146698042839,2.76718081358995,Agago,Lamiyo
33.0947504668928,2.82875414036873,Agago,Lamiyo
33.0504770695459,2.84187185031119,Agago,Lamiyo
33.0327239681818,2.73055778830328,Agago,Lamiyo
33.0440125379563,2.7746481146872,Agago,Lamiyo
33.0636343968791,2.77218548035657,Agago,Lamiyo
33.0878291029367,2.82638922156468,Agago,Lamiyo
33.0979324490596,2.78406053475646,Agago,Lamiyo
33.1450245053988,2.79467970336873,Agago,Lamiyo
33.0633452567803,2.82777310403837,Agago,Lamiyo
33.0428861930138,2.76141703010229,Agago,Lamiyo
33.0936142413983,2.81816242913455,Agago,Lamiyo
33.1251799321091,2.83039906767254,Agago,Lamiyo
33.0323282072428,2.7321126865142,Agago,Lamiyo
33.0707477474754,2.75898555075461,Agago,Lamiyo
33.0389907693175,2.83366537054323,Agago,Lamiyo
33.134837439801,2.82945313411838,Agago,Lamiyo
33.1348090790409,2.78727091758147,Agago,Lamiyo
33.0844535591249,2.76979638522247,Agago,Lamiyo
33.0976691719416,2.84592876702717,Agago,Lamiyo
33.1053308990329,2.80345182895133,Agago,Lamiyo
33.1062180019966,2.81906162564103,Agago,Lamiyo
33.0538493366734,2.75190982015534,Agago,Lamiyo
33.4247576537685,2.89278490008941,Agago,Lapono
33.536802494963,2.88595955359613,Agago,Lapono
33.4545079483624,2.95467679619492,Agago,Lapono
33.4544990241637,2.89766799274773,Agago,Lapono
33.5052928113506,3.03752076363495,Agago,Lapono
33.5361320064524,2.95869801515489,Agago,Lapono
33.4195665007208,2.94200904576636,Agago,Lapono
33.5242082628929,2.84136811419521,Agago,Lapono
33.5342359301536,2.82371267606505,Agago,Lapono
33.5790025299407,2.95466444085586,Agago,Lapono
33.4363306024956,2.82449454265777,Agago,Lapono
33.5066410726599,2.81832427103464,Agago,Lapono
33.5041427302646,3.01195452511584,Agago,Lapono
33.4060437018462,2.87549223966819,Agago,Lapono
33.4515490567189,2.94652672684713,Agago,Lapono
33.5538055994457,2.98161559657377,Agago,Lapono
33.5030400336624,3.01730597811801,Agago,Lapono
33.5265070622081,2.99488942444981,Agago,Lapono
33.4598954176507,2.80732981980968,Agago,Lapono
33.5537714861736,3.01608994462813,Agago,Lapono
33.5718699233084,2.90799016250614,Agago,Lapono
33.5357343538554,2.99476858047656,Agago,Lapono
33.4352248652439,2.93160240326088,Agago,Lapono
33.4261888777665,2.95371886708759,Agago,Lapono
33.4722695024877,2.89762840802244,Agago,Lapono
33.555215389379,2.88772187163305,Agago,Lapono
33.5504261744636,3.00942443244851,Agago,Lapono
33.4351451805791,2.81963812421132,Agago,Lapono
33.5112731722583,2.80623158613827,Agago,Lapono
33.4298901570431,3.00831997356226,Agago,Lapono
33.5278170257764,2.83272192031198,Agago,Lapono
33.5008464479442,2.9364541447264,Agago,Lapono
33.5013656189949,3.00789153575593,Agago,Lapono
33.5029955872261,2.94847288445175,Agago,Lapono
33.4036971640564,2.95628505181187,Agago,Lapono
33.4735888735804,3.03256989710916,Agago,Lapono
33.4482226043279,2.84141996154883,Agago,Lapono
33.4250565377761,2.81239037375608,Agago,Lapono
33.5311345975392,2.96782488093107,Agago,Lapono
33.4853714423798,3.03746589867049,Agago,Lapono
33.5659289627901,2.96186849814581,Agago,Lapono
33.527812481627,2.94150642247881,Agago,Lapono
33.442464355423,2.90857205606301,Agago,Lapono
33.5621304064332,2.85261037155872,Agago,Lapono
33.5849418874254,2.84273800120431,Agago,Lapono
33.4704276018968,2.9027415930182,Agago,Lapono
33.5264682043837,2.95798432861356,Agago,Lapono
33.5518171752409,2.91218155116222,Agago,Lapono
33.467506442064,2.84968603309754,Agago,Lapono
33.5148548613622,2.99000218314957,Agago,Lapono
33.5202026708799,3.02438842900003,Agago,Lapono
33.5712914905888,2.92598938108529,Agago,Lapono
33.4433495360811,2.96333642475017,Agago,Lapono
33.5361690400488,2.84117442565365,Agago,Lapono
33.4419383941324,2.97734459190486,Agago,Lapono
33.5568359788936,2.99667995652591,Agago,Lapono
33.4505462717561,3.01134189204127,Agago,Lapono
33.4910533181325,3.02585320678434,Agago,Lapono
33.5293169984584,2.89135426018224,Agago,Lapono
33.5503499701348,2.86673839635292,Agago,Lapono
33.4974200888267,2.8695481482908,Agago,Lapono
33.5204111448256,2.86040799212961,Agago,Lapono
33.4378718706061,2.82952396322447,Agago,Lapono
33.4271540801777,2.86874182661302,Agago,Lapono
33.5183200239009,2.8561944543238,Agago,Lapono
33.5079854587577,2.99497701284585,Agago,Lapono
33.4873210998223,2.96742742287828,Agago,Lapono
33.5717675510319,2.97863453177052,Agago,Lapono
33.530403896193,2.92002503292374,Agago,Lapono
33.4776611325896,2.90533386485024,Agago,Lapono
33.4756053975978,3.02758945924044,Agago,Lapono
33.5822175298033,2.85776893640685,Agago,Lapono
33.5545664638392,2.8312378123946,Agago,Lapono
33.6007926433128,2.83510050001781,Agago,Lapono
33.4187035657561,2.93219432545202,Agago,Lapono
33.4481388567129,2.92368809155181,Agago,Lapono
33.5916340648931,2.8153196242142,Agago,Lapono
33.5388219861523,2.90932036357529,Agago,Lapono
33.5488559699644,2.81424685694223,Agago,Lapono
33.4126354882253,2.96188245117327,Agago,Lapono
33.4582922269034,2.95060904118894,Agago,Lapono
33.4800838347139,3.0084348115455,Agago,Lapono
33.5090298924474,2.85647956996809,Agago,Lapono
33.5090009862842,2.88322308850621,Agago,Lapono
33.5054450719822,2.80690188080261,Agago,Lapono
33.4353034279246,2.90637476999428,Agago,Lapono
33.549067124963,2.99201776554979,Agago,Lapono
33.5231117544527,2.93608538477103,Agago,Lapono
33.4407810007326,2.79754200913042,Agago,Lapono
33.5318350800206,2.87011496464794,Agago,Lapono
33.5054910633382,2.97869403548044,Agago,Lapono
33.5088835875254,2.97063451205751,Agago,Lapono
33.5326820295612,2.83146250031594,Agago,Lapono
33.575302419998,2.84036436263527,Agago,Lapono
33.4160412269514,2.86861238717665,Agago,Lapono
33.4744820492944,2.93821694941009,Agago,Lapono
33.5466047389352,2.99430670482796,Agago,Lapono
33.5548008411339,2.86841338120371,Agago,Lapono
33.5734876303746,2.83334378719499,Agago,Lapono
33.4826775404572,2.9376864801774,Agago,Lapono
33.4571500064872,2.96449658289355,Agago,Lapono
33.5439841418666,2.96144230908954,Agago,Lapono
33.4521577091473,3.0334022658873,Agago,Lapono
33.4288813207115,2.95465410254079,Agago,Lapono
33.4861970626749,2.84774066645869,Agago,Lapono
33.4970367024849,2.86480479537208,Agago,Lapono
33.5474916624437,3.03513706517435,Agago,Lapono
33.5517985612772,2.91402489075811,Agago,Lapono
33.4661496776298,2.93850524409932,Agago,Lapono
33.571608091927,2.89952097990867,Agago,Lapono
33.4946958719209,2.95184196970888,Agago,Lapono
33.4797926495754,2.86471958824931,Agago,Lapono
33.4504895996122,3.00123479301155,Agago,Lapono
33.403740583707,2.96216035872161,Agago,Lapono
33.5093513561002,2.85459747485682,Agago,Lapono
33.469316460888,3.02098156135264,Agago,Lapono
33.4383774768091,2.81192887810268,Agago,Lapono
33.4198167820129,2.89339763140976,Agago,Lapono
33.4443368170769,2.88581880656952,Agago,Lapono
33.4188426031776,2.95570572092592,Agago,Lapono
33.4577724956012,2.96363333434774,Agago,Lapono
33.5296336775924,2.882701460097,Agago,Lapono
33.4645861843276,2.84917184558208,Agago,Lapono
33.5122887389601,2.89153835155697,Agago,Lapono
33.5605281257851,2.97915255407199,Agago,Lapono
33.4401150181185,2.79837483445614,Agago,Lapono
33.4425126599349,2.88736283314756,Agago,Lapono
33.5151112292695,2.80610851097077,Agago,Lapono
33.5831354925301,2.82815902728205,Agago,Lapono
33.4976288206395,2.96829919383535,Agago,Lapono
33.5177027733522,2.82566302776641,Agago,Lapono
33.4907348129232,2.98808870931463,Agago,Lapono
33.4967497485329,2.817533045132,Agago,Lapono
33.5765568780388,2.83845524240818,Agago,Lapono
33.4334558290623,3.01699351373452,Agago,Lapono
33.5821288751536,2.83491844291428,Agago,Lapono
33.5681839379166,2.88566284999523,Agago,Lapono
33.5992281362367,2.81110335467281,Agago,Lapono
33.5119255124459,2.85180791095403,Agago,Lapono
33.2063575237512,2.76119266662454,Agago,Lira Palwo
33.193264190828,2.76818130529745,Agago,Lira Palwo
33.2199546105429,2.78834038586832,Agago,Lira Palwo
33.1785956813171,2.75968450112805,Agago,Lira Palwo
33.220445921247,2.85990643168356,Agago,Lira Palwo
33.122965543736,2.77465772778987,Agago,Lira Palwo
33.1877444337022,2.7764938337247,Agago,Lira Palwo
33.2368441925942,2.84671684426981,Agago,Lira Palwo
33.2369887900342,2.77912041913382,Agago,Lira Palwo
33.168754789097,2.80301911387887,Agago,Lira Palwo
33.1911186662531,2.89516406422138,Agago,Lira Palwo
33.1985269479567,2.76704948511708,Agago,Lira Palwo
33.2285430888366,2.80623329237911,Agago,Lira Palwo
33.2008388164029,2.80360043639349,Agago,Lira Palwo
33.1572378172321,2.81530899711769,Agago,Lira Palwo
33.2150242526688,2.81067392557496,Agago,Lira Palwo
33.1919983213489,2.81623973518559,Agago,Lira Palwo
33.1154867676873,2.74907358703853,Agago,Lira Palwo
33.2161541613024,2.92004252396285,Agago,Lira Palwo
33.1837124066924,2.80763925397579,Agago,Lira Palwo
33.2097694584615,2.80129598685625,Agago,Lira Palwo
33.2146768650366,2.81747149152248,Agago,Lira Palwo
33.1703737261583,2.8051529459771,Agago,Lira Palwo
33.2077170148335,2.77895633368491,Agago,Lira Palwo
33.216974753724,2.76436681620599,Agago,Lira Palwo
33.1823302252956,2.73375778377326,Agago,Lira Palwo
33.2023474141456,2.883004562625,Agago,Lira Palwo
33.1598837485555,2.79964080059832,Agago,Lira Palwo
33.1902221436302,2.81399395281285,Agago,Lira Palwo
33.1360413433766,2.73067932408588,Agago,Lira Palwo
33.2153354201919,2.74810607668683,Agago,Lira Palwo
33.1518040084433,2.73251084560749,Agago,Lira Palwo
33.1913124791236,2.72245331965823,Agago,Lira Palwo
33.1697123835427,2.83346207431155,Agago,Lira Palwo
33.1235173005396,2.75410978957057,Agago,Lira Palwo
33.2009316102894,2.84922640915559,Agago,Lira Palwo
33.2125593773271,2.75723800193699,Agago,Lira Palwo
33.2021550758297,2.94950417976806,Agago,Lira Palwo
33.1443665744127,2.73805940450173,Agago,Lira Palwo
33.2426807765717,2.88125534975663,Agago,Lira Palwo
33.2346836114334,2.78500279949171,Agago,Lira Palwo
33.2059196876078,2.78043990142875,Agago,Lira Palwo
33.2167284448852,2.75514305866196,Agago,Lira Palwo
33.2381083454639,2.88645568975805,Agago,Lira Palwo
33.2133360383579,2.78487295034991,Agago,Lira Palwo
33.1527121370565,2.79268690222649,Agago,Lira Palwo
33.2041855223728,2.84589265309859,Agago,Lira Palwo
33.1322541862849,2.73451224470662,Agago,Lira Palwo
33.1956565309603,2.90078587256782,Agago,Lira Palwo
33.1732104822455,2.79617896298101,Agago,Lira Palwo
33.1953869140497,2.75482018742996,Agago,Lira Palwo
33.2219110720527,2.78117206020472,Agago,Lira Palwo
33.1050132825205,2.76496437245194,Agago,Lira Palwo
33.3112002723391,2.87696066079391,Agago,Lokole
33.2570237859285,2.82588012212213,Agago,Lokole
33.3168237244715,2.80201638577713,Agago,Lokole
33.359561487184,2.79850150831717,Agago,Lokole
33.3129284971373,2.80415846625834,Agago,Lokole
33.3592982071533,2.77432446366786,Agago,Lokole
33.2492848609851,2.91037538501414,Agago,Lokole
33.2707011029435,2.82295975670588,Agago,Lokole
33.3071098353517,2.79399188369952,Agago,Lokole
33.3210735899904,2.78109807080222,Agago,Lokole
33.3091035204583,2.91231716636821,Agago,Lokole
33.2581385459573,2.87205154891281,Agago,Lokole
33.263234384988,2.89600002800893,Agago,Lokole
33.3127283718759,2.83755588554004,Agago,Lokole
33.3393354155029,2.88931731581689,Agago,Lokole
33.3111973331897,2.84140719116888,Agago,Lokole
33.2700859087117,2.89739312162772,Agago,Lokole
33.3768685782242,2.83926420217608,Agago,Lokole
33.3876038073546,2.86139242623676,Agago,Lokole
33.3924717584741,2.85256536142778,Agago,Lokole
33.3759248352586,2.77583828524372,Agago,Lokole
33.3165055468713,2.87248523548035,Agago,Lokole
33.2913773867147,2.90198403292723,Agago,Lokole
33.388660630792,2.87755251871204,Agago,Lokole
33.3780649187006,2.82811726347068,Agago,Lokole
33.2844950229089,2.86935023892319,Agago,Lokole
33.3902595963732,2.79136998755492,Agago,Lokole
33.3613107369299,2.92045130442487,Agago,Lokole
33.3817446517148,2.7939437702953,Agago,Lokole
33.4298337956429,2.85002197205287,Agago,Lokole
33.3057840207711,2.80675429090588,Agago,Lokole
33.3139224512872,2.7941397354933,Agago,Lokole
33.4210031693801,2.82033709675141,Agago,Lokole
33.3853622724993,2.87264964163068,Agago,Lokole
33.4268077577405,2.85156678427376,Agago,Lokole
33.3249074965875,2.9041514112827,Agago,Lokole
33.4347765555913,2.8469380056171,Agago,Lokole
33.2676043669216,2.91271852897647,Agago,Lokole
33.3462414786922,2.79974971683731,Agago,Lokole
33.3598763885965,2.77228011749302,Agago,Lokole
33.3722315308201,2.8862492682569,Agago,Lokole
33.3166956307413,2.89517274633467,Agago,Lokole
33.261450725827,2.84139862882819,Agago,Lokole
33.2557938773079,2.85269500854294,Agago,Lokole
33.251688703905,2.87550324833399,Agago,Lokole
33.4001402828296,2.83683850113149,Agago,Lokole
33.4355647576722,2.85753962697133,Agago,Lokole
33.3890903002135,2.86972736517195,Agago,Lokole
33.257072211109,2.83159639495645,Agago,Lokole
33.3531926630905,2.7521658453119,Agago,Lokole
33.4017801586699,2.91467009304346,Agago,Lokole
33.272352630021,2.92127017792342,Agago,Lokole
33.3784900256464,2.77256327641323,Agago,Lokole
33.3890657503344,2.81207911180765,Agago,Lokole
33.3862959025451,2.85089407145597,Agago,Lokole
33.2584095074725,2.83728951421861,Agago,Lokole
33.3899324610106,2.80025867888215,Agago,Lokole
33.4209258876972,2.83995189356948,Agago,Lokole
33.2726011560541,2.81600895998442,Agago,Lokole
33.389185125893,2.92823432605632,Agago,Lokole
33.4185869803699,2.85931715031884,Agago,Lokole
33.3025505363825,2.91844540331682,Agago,Lokole
33.4291609298326,2.84843546933739,Agago,Lokole
33.3179762860683,2.87762755207727,Agago,Lokole
33.365965019145,2.88919335778832,Agago,Lokole
33.2844831306076,2.9192152939411,Agago,Lokole
33.3816750483838,2.95000739348621,Agago,Lokole
33.3633178896812,2.75698048300125,Agago,Lokole
33.2833023474888,2.84837239756345,Agago,Lokole
33.3828737569682,2.88275933703087,Agago,Lokole
33.4014700045796,2.88902232530408,Agago,Lokole
33.3674280929112,2.91069174972925,Agago,Lokole
33.3590449811073,2.93348036374581,Agago,Lokole
33.2770706052615,2.88458586639995,Agago,Lokole
33.3359965906828,2.88564487224965,Agago,Lokole
33.2850932671465,2.88660983699739,Agago,Lokole
33.3941498389205,2.93848505078613,Agago,Lokole
33.3665507887841,2.93215630054674,Agago,Lokole
33.4076137652068,2.92845600222422,Agago,Lokole
33.30418850166,2.84585719512002,Agago,Lokole
33.4993761910107,3.25481403390582,Agago,Omiya Pacwa
33.3513956121621,3.24456601880663,Agago,Omiya Pacwa
33.483635538568,3.20563285261976,Agago,Omiya Pacwa
33.4765831259183,3.21861352516544,Agago,Omiya Pacwa
33.3769925290506,3.24016979001316,Agago,Omiya Pacwa
33.4511579576974,3.21279863111149,Agago,Omiya Pacwa
33.4569580307803,3.23551481412675,Agago,Omiya Pacwa
33.5025775883505,3.22907973026442,Agago,Omiya Pacwa
33.5209233539784,3.18648677583039,Agago,Omiya Pacwa
33.4435563200307,3.25164025452237,Agago,Omiya Pacwa
33.3406409819671,3.22241008073242,Agago,Omiya Pacwa
33.5083720572279,3.21931904802082,Agago,Omiya Pacwa
33.5100454189574,3.18274825608897,Agago,Omiya Pacwa
33.4576393011583,3.26132453215784,Agago,Omiya Pacwa
33.4488889425686,3.20453675132575,Agago,Omiya Pacwa
33.4373464705223,3.25856964137733,Agago,Omiya Pacwa
33.3685912644702,3.25511931298695,Agago,Omiya Pacwa
33.3670508213247,3.23928857114012,Agago,Omiya Pacwa
33.419437992434,3.25487848492383,Agago,Omiya Pacwa
33.5404992446368,3.22471377046999,Agago,Omiya Pacwa
33.5061650183097,3.19589007640447,Agago,Omiya Pacwa
33.416818102976,3.28158981128918,Agago,Omiya Pacwa
33.4305302353825,3.18181082855298,Agago,Omiya Pacwa
33.4788174671586,3.24873008035413,Agago,Omiya Pacwa
33.3798167848502,3.2227035112872,Agago,Omiya Pacwa
33.3572348571323,3.22272415557894,Agago,Omiya Pacwa
33.5061301274531,3.23492919126281,Agago,Omiya Pacwa
33.4527695801082,3.23029787623294,Agago,Omiya Pacwa
33.3504615541042,3.17567008843287,Agago,Omiya Pacwa
33.384097678816,3.22629853547195,Agago,Omiya Pacwa
33.3099753022375,3.22704766899581,Agago,Omiya Pacwa
33.4627169221801,3.23289576920658,Agago,Omiya Pacwa
33.4133383482025,3.22702342905106,Agago,Omiya Pacwa
33.5269056461253,3.20992809142161,Agago,Omiya Pacwa
33.4351677797284,3.26754379995749,Agago,Omiya Pacwa
33.4013941744754,3.29934367854842,Agago,Omiya Pacwa
33.3181602062789,3.20357190457194,Agago,Omiya Pacwa
33.3946905329795,3.25955983994559,Agago,Omiya Pacwa
33.5410544070697,3.23444730671719,Agago,Omiya Pacwa
33.3954390806611,3.27027024410378,Agago,Omiya Pacwa
33.3483512583377,3.21000741387567,Agago,Omiya Pacwa
33.3711498022103,3.25302678172001,Agago,Omiya Pacwa
33.4415047287908,3.20020405736602,Agago,Omiya Pacwa
33.4957207595908,3.25636361897862,Agago,Omiya Pacwa
33.505129221192,3.25252138104634,Agago,Omiya Pacwa
33.5362946258509,3.18956012762823,Agago,Omiya Pacwa
33.4840036897602,3.21323286640944,Agago,Omiya Pacwa
33.4751591636461,3.20508162274156,Agago,Omiya Pacwa
33.5227536752662,3.26254198166494,Agago,Omiya Pacwa
33.4921817053426,3.27030169760237,Agago,Omiya Pacwa
33.5145735215447,3.19972184285102,Agago,Omiya Pacwa
33.4830739668255,3.22699932106904,Agago,Omiya Pacwa
33.4840280889726,3.23923057392071,Agago,Omiya Pacwa
33.3719523558664,3.23192075103176,Agago,Omiya Pacwa
33.5234518598603,3.23162637441108,Agago,Omiya Pacwa
33.3727680717498,3.19869114746581,Agago,Omiya Pacwa
33.4369413763546,3.20641943000462,Agago,Omiya Pacwa
33.4742609353502,3.19061728853829,Agago,Omiya Pacwa
33.305438324983,3.22699491018264,Agago,Omiya Pacwa
33.4917818054381,3.19424619130154,Agago,Omiya Pacwa
33.3431451860926,3.16705827212885,Agago,Omiya Pacwa
33.3345192870031,3.18725939626613,Agago,Omiya Pacwa
33.5455224663381,3.25735305640534,Agago,Omiya Pacwa
33.4217002742446,3.26245383388466,Agago,Omiya Pacwa
33.4775566466568,3.18820902958019,Agago,Omiya Pacwa
33.4090612680548,3.21207378822456,Agago,Omiya Pacwa
33.4863633345915,3.27816365708497,Agago,Omiya Pacwa
33.3076629423674,3.17971604129018,Agago,Omiya Pacwa
33.47356119882,3.25251833351421,Agago,Omiya Pacwa
33.2616016488955,2.78388130415493,Agago,Omot
33.2439669916441,2.81841996589188,Agago,Omot
33.2169774410638,2.65057172360149,Agago,Omot
33.2567854732797,2.72313191693105,Agago,Omot
33.196192741856,2.60628434397818,Agago,Omot
33.2212044204789,2.71167551288677,Agago,Omot
33.2221943091873,2.71337585229987,Agago,Omot
33.2301944973298,2.69857347993894,Agago,Omot
33.2163664347958,2.68055093719682,Agago,Omot
33.1836362998332,2.59985663213419,Agago,Omot
33.2041721153958,2.67087399435995,Agago,Omot
33.2084340238903,2.63726060854549,Agago,Omot
33.2475249660863,2.59510876915919,Agago,Omot
33.2381410579644,2.74488545719502,Agago,Omot
33.2477639855455,2.74503567059354,Agago,Omot
33.1980641658523,2.64622762647167,Agago,Omot
33.1997839871559,2.61055469616646,Agago,Omot
33.2578084154647,2.8174890323726,Agago,Omot
33.236767101422,2.6537959466701,Agago,Omot
33.2154913840931,2.6247916051052,Agago,Omot
33.2584978255301,2.71813346264703,Agago,Omot
33.1933384042871,2.61526123551655,Agago,Omot
33.1985828375671,2.6182692399657,Agago,Omot
33.2324859573201,2.65269761521841,Agago,Omot
33.2426022886191,2.74113456753259,Agago,Omot
33.2301680511451,2.67390175165268,Agago,Omot
33.2331896451964,2.7331149009744,Agago,Omot
33.2493482331063,2.7284831041649,Agago,Omot
33.2647309564158,2.76537258459611,Agago,Omot
33.2108888852238,2.6677122080725,Agago,Omot
33.2366393357569,2.75777134992315,Agago,Omot
33.2299750048951,2.61086076800022,Agago,Omot
33.2324809715943,2.71565287422513,Agago,Omot
33.2493387627687,2.76448180227737,Agago,Omot
33.2392696093946,2.75316479156413,Agago,Omot
33.243873736297,2.5967218455124,Agago,Omot
33.2046270830229,2.64376107878712,Agago,Omot
33.2242836726004,2.71582172967414,Agago,Omot
33.2409942563597,2.70264180026166,Agago,Omot
33.2465892404318,2.74590953232269,Agago,Omot
33.241193685885,2.72890338219174,Agago,Omot
33.1910652241653,2.60976849742167,Agago,Omot
33.2169872225451,2.65011248687144,Agago,Omot
33.1914057670834,2.6498622982099,Agago,Omot
33.1872109948478,2.63836058597098,Agago,Omot
33.2451626792894,2.74371290260607,Agago,Omot
33.2623969277638,2.78428176698668,Agago,Omot
33.2335548704015,2.68528232848784,Agago,Omot
33.2402410170402,2.70496571480222,Agago,Omot
33.2316803040462,2.74998723156751,Agago,Omot
33.5302058853504,3.05035958913532,Agago,Paimol
33.5303663945751,3.17514184729377,Agago,Paimol
33.5312465245876,3.09518473722772,Agago,Paimol
33.4750439114329,3.07609470467069,Agago,Paimol
33.4634135995264,3.1716094451712,Agago,Paimol
33.4036967521789,3.12275350193329,Agago,Paimol
33.5048239410882,3.0606298285452,Agago,Paimol
33.4749445204222,3.1453402789766,Agago,Paimol
33.4210669193995,3.14591398282785,Agago,Paimol
33.41389980597,3.14885009916092,Agago,Paimol
33.4350902687787,3.05447993542014,Agago,Paimol
33.5520653264784,3.05373933925853,Agago,Paimol
33.4448712039189,3.05000505872274,Agago,Paimol
33.5215857859198,3.04396817793624,Agago,Paimol
33.4834744899703,3.11514302747417,Agago,Paimol
33.3957402766084,3.1126551494711,Agago,Paimol
33.4273588844149,3.17471582382328,Agago,Paimol
33.5478851510884,3.06300916225415,Agago,Paimol
33.5137907350856,3.11781288478223,Agago,Paimol
33.4739600019023,3.07994088922045,Agago,Paimol
33.5062319820329,3.09718523399307,Agago,Paimol
33.3513515297764,3.15004820978483,Agago,Paimol
33.4598924436983,3.04710571302313,Agago,Paimol
33.3571447029677,3.15645535996122,Agago,Paimol
33.4898438844797,3.17853074637424,Agago,Paimol
33.3987205585777,3.09795925170761,Agago,Paimol
33.5005562098404,3.14787861795317,Agago,Paimol
33.5368525602854,3.0942111129851,Agago,Paimol
33.4267249372809,3.17548190985326,Agago,Paimol
33.5304094567786,3.16068227145042,Agago,Paimol
33.4633116667875,3.13216511506112,Agago,Paimol
33.4312937596509,3.15453175776689,Agago,Paimol
33.4569032800538,3.0493632874155,Agago,Paimol
33.512177833192,3.07727055902196,Agago,Paimol
33.4814080445057,3.17225971595449,Agago,Paimol
33.3988775218871,3.10544710741459,Agago,Paimol
33.3498181212504,3.13873150288088,Agago,Paimol
33.4472130064324,3.15517660305163,Agago,Paimol
33.4417869556744,3.12350991087458,Agago,Paimol
33.5281830210208,3.11436628223647,Agago,Paimol
33.4180405868453,3.1422734511142,Agago,Paimol
33.5367755406569,3.15045209025281,Agago,Paimol
33.4620924893599,3.10808974925963,Agago,Paimol
33.5261198257263,3.07484367080205,Agago,Paimol
33.4562092296279,3.15412125297371,Agago,Paimol
33.4492116428052,3.04486711349415,Agago,Paimol
33.4485129786213,3.15955865296997,Agago,Paimol
33.3672284475386,3.14797179894277,Agago,Paimol
33.5585958144398,3.05372389887608,Agago,Paimol
33.5499536498168,3.17348607930679,Agago,Paimol
33.536429161788,3.10971299387479,Agago,Paimol
33.4272760021952,3.17628484775452,Agago,Paimol
33.395351189575,3.15687416746521,Agago,Paimol
33.4938774469877,3.05362010759865,Agago,Paimol
33.4812981938659,3.08810494495236,Agago,Paimol
33.5241776149776,3.10914257643663,Agago,Paimol
33.3978884598689,3.16260817266099,Agago,Paimol
33.503375977481,3.05480961122461,Agago,Paimol
33.4056719276965,3.13165486027857,Agago,Paimol
33.5055432116558,3.08622238827014,Agago,Paimol
33.4759176511238,3.09001547083041,Agago,Paimol
33.5523280684991,3.16959649471928,Agago,Paimol
33.5134232420597,3.08554038200628,Agago,Paimol
33.4106748428257,3.09098341699284,Agago,Paimol
33.3960499361714,3.09409429916644,Agago,Paimol
33.4352881628774,3.10540451629225,Agago,Paimol
33.5190643737458,3.11146701098498,Agago,Paimol
33.4443269245765,3.08165729698503,Agago,Paimol
33.4289144191146,3.17195030419721,Agago,Paimol
33.4506941739437,3.12138306288357,Agago,Paimol
33.3917274249814,3.17152167767046,Agago,Paimol
33.5561031267398,3.09438165757443,Agago,Paimol
33.4782898466586,3.12017979941278,Agago,Paimol
33.3919598588065,3.162550750564,Agago,Paimol
33.5652132449241,3.05143822499944,Agago,Paimol
33.4706092521999,3.06945627077296,Agago,Paimol
33.4103424587386,3.12312207966286,Agago,Paimol
33.5129763740253,3.05847396119272,Agago,Paimol
33.3579585904133,3.16894351956403,Agago,Paimol
33.5369731006462,3.13762037517014,Agago,Paimol
33.5322920809215,3.15206083712207,Agago,Paimol
33.5372094774999,3.10712459977321,Agago,Paimol
33.4473001185131,3.14903270687034,Agago,Paimol
33.4519744129109,3.10312700188311,Agago,Paimol
33.4897951936899,3.13894974077957,Agago,Paimol
33.4357962848538,3.11584051910245,Agago,Paimol
33.5176016258928,3.16753133704736,Agago,Paimol
33.5140565132893,3.09800116371336,Agago,Paimol
33.529213762181,3.18147589659768,Agago,Paimol
33.3960085739753,3.17837803216823,Agago,Paimol
33.4676617694189,3.05314421208544,Agago,Paimol
33.4101644570284,3.13427059482179,Agago,Paimol
33.4954055112777,3.04019817422154,Agago,Paimol
33.4142356131696,3.11411287054141,Agago,Paimol
33.3957399678026,3.11153911728719,Agago,Paimol
33.2743580157892,2.93921760372598,Agago,Parabongo
33.2424914632352,2.92355385556015,Agago,Parabongo
33.344137613166,2.92036644315406,Agago,Parabongo
33.337060113411,3.02403167152705,Agago,Parabongo
33.2874502751624,2.97055533461734,Agago,Parabongo
33.339184237728,2.95060389337459,Agago,Parabongo
33.262637559719,2.94393478941838,Agago,Parabongo
33.3080963130833,2.9659241496484,Agago,Parabongo
33.2607623068353,2.94464272469224,Agago,Parabongo
33.3622129566069,3.11886657750251,Agago,Parabongo
33.4035758179663,2.98327487981927,Agago,Parabongo
33.40191506404,2.97919917087768,Agago,Parabongo
33.3237048913338,3.01991099404156,Agago,Parabongo
33.3684781574143,2.96000857744406,Agago,Parabongo
33.2273267932533,2.93182546557808,Agago,Parabongo
33.3350484382563,2.94679328127168,Agago,Parabongo
33.3206161428578,2.99743325698211,Agago,Parabongo
33.3555059003166,3.10760352796553,Agago,Parabongo
33.2297776598007,2.93501527321674,Agago,Parabongo
33.4031556984206,3.04009741756753,Agago,Parabongo
33.3242399314742,2.92553241140543,Agago,Parabongo
33.3070234077995,3.00880404005183,Agago,Parabongo
33.3531448585112,3.12328433573742,Agago,Parabongo
33.3725842368472,3.08288065424587,Agago,Parabongo
33.3499352660281,2.9439403358782,Agago,Parabongo
33.3088866342763,2.98338015553567,Agago,Parabongo
33.4060313359637,3.00820973840207,Agago,Parabongo
33.2639638127888,2.94721469407838,Agago,Parabongo
33.2513377387208,2.93262318077587,Agago,Parabongo
33.4019485881947,3.03034870759044,Agago,Parabongo
33.3089694405951,2.94021974361471,Agago,Parabongo
33.3949361988412,3.0443217939962,Agago,Parabongo
33.3352676449314,3.09045839548135,Agago,Parabongo
33.3475862585216,2.96246431515652,Agago,Parabongo
33.3652655906359,3.13299865288103,Agago,Parabongo
33.3150294343115,2.93570352664612,Agago,Parabongo
33.3542366241133,3.08658483063122,Agago,Parabongo
33.3549885672645,3.11946299728738,Agago,Parabongo
33.336913087309,2.93668356406674,Agago,Parabongo
33.3057644078349,3.00837818041126,Agago,Parabongo
33.3736928965134,2.96052249445616,Agago,Parabongo
33.3679224920891,3.10125624863612,Agago,Parabongo
33.2417485436826,2.93905207217672,Agago,Parabongo
33.2216694043423,2.93729267493908,Agago,Parabongo
33.2696318957717,2.95645410334941,Agago,Parabongo
33.3981417445758,3.02776918832097,Agago,Parabongo
33.3310191824753,2.94088786155912,Agago,Parabongo
33.333140319362,3.10973252709285,Agago,Parabongo
33.3295535825018,2.91835155116523,Agago,Parabongo
33.2521052513898,2.9317214501889,Agago,Parabongo
33.3517224802595,3.10129579175057,Agago,Parabongo
33.3271592557628,3.00647955397748,Agago,Parabongo
33.3047256732415,2.97534522604411,Agago,Parabongo
33.3680224967132,2.97429386155601,Agago,Parabongo
33.3616973871747,2.99792665231665,Agago,Parabongo
33.2677887195955,2.93864165238924,Agago,Parabongo
33.4037353713744,3.03496642504937,Agago,Parabongo
33.310867424005,2.97562709064011,Agago,Parabongo
33.3478755893104,3.07375781498961,Agago,Parabongo
33.3236309638685,2.93693342270868,Agago,Parabongo
33.2805367046657,2.92860527513472,Agago,Parabongo
33.3488690652432,3.11927099028746,Agago,Parabongo
33.2884691507072,2.71263951686928,Agago,Patongo
33.2759342697942,2.80289628166549,Agago,Patongo
33.3030405210827,2.67783554132692,Agago,Patongo
33.3046621001804,2.68104451380777,Agago,Patongo
33.3711455869034,2.73495562457255,Agago,Patongo
33.2706191889141,2.69721884506316,Agago,Patongo
33.2726581394655,2.66675649201643,Agago,Patongo
33.2481222917943,2.67423036199858,Agago,Patongo
33.3085895064434,2.72276464274502,Agago,Patongo
33.2693074133354,2.7936695783956,Agago,Patongo
33.3299518946737,2.72239055722716,Agago,Patongo
33.3215117117839,2.68874878397284,Agago,Patongo
33.271885361009,2.78045376068063,Agago,Patongo
33.2691503573602,2.81996158604047,Agago,Patongo
33.371722385962,2.70939541503923,Agago,Patongo
33.2800509034605,2.67792175622599,Agago,Patongo
33.2415058872557,2.6758348969951,Agago,Patongo
33.3031652570243,2.66582255312032,Agago,Patongo
33.3037344536541,2.66796760831467,Agago,Patongo
33.3379258966656,2.73266345486358,Agago,Patongo
33.3146634781493,2.72733968496554,Agago,Patongo
33.2643337421163,2.67531096120952,Agago,Patongo
33.2736447563153,2.77010747397725,Agago,Patongo
33.2799530265151,2.67735174869523,Agago,Patongo
33.3643274424897,2.7178640900263,Agago,Patongo
33.3222143631572,2.74595783481769,Agago,Patongo Town Council
33.2964939293642,2.77610496191254,Agago,Patongo Town Council
33.305170805334,2.75989283652377,Agago,Patongo Town Council
33.3108263102991,2.74192784512966,Agago,Patongo Town Council
33.3362231540706,2.7503861039973,Agago,Patongo Town Council
33.2853765512675,2.7424412335221,Agago,Patongo Town Council
33.286749957819,2.7830919206621,Agago,Patongo Town Council
33.3105591606961,2.75009338915818,Agago,Patongo Town Council
33.3185006636328,2.76930531022634,Agago,Patongo Town Council
33.1876073487378,2.99593731139201,Agago,Wol
33.1543684556997,3.16583060553636,Agago,Wol
33.2934432336759,3.16745167214859,Agago,Wol
33.2920600394397,3.14039837943975,Agago,Wol
33.2741341909791,2.97991975180002,Agago,Wol
33.2934368393821,3.02209950026274,Agago,Wol
33.21350684266,3.05693328350468,Agago,Wol
33.2012800384428,3.17397987628341,Agago,Wol
33.3035301647242,3.06161029451592,Agago,Wol
33.1527458141064,3.10414701315149,Agago,Wol
33.2725029818805,2.98854618192869,Agago,Wol
33.1660200208302,3.1802745683663,Agago,Wol
33.1632866523848,3.09321744593368,Agago,Wol
33.2117360127464,3.08338878789532,Agago,Wol
33.1435037792041,3.15716903794899,Agago,Wol
33.2703693374882,3.09192863580719,Agago,Wol
33.313405467439,3.07270445245688,Agago,Wol
33.276640077113,3.06095155402145,Agago,Wol
33.2861673620152,2.99283087435926,Agago,Wol
33.1965785335106,3.09804245899972,Agago,Wol
33.250402951536,3.11210226046716,Agago,Wol
33.3258469608032,3.04495796141467,Agago,Wol
33.273888996454,3.12023698817214,Agago,Wol
33.1959669266822,3.13053908868926,Agago,Wol
33.2535226599976,2.98173746472208,Agago,Wol
33.2789697342603,3.14253927008525,Agago,Wol
33.2443775502292,3.14895525414674,Agago,Wol
33.3051472177163,3.11281426074701,Agago,Wol
33.1740978954293,3.12740356430844,Agago,Wol
33.1508259984816,3.03134438128201,Agago,Wol
33.2245417813081,3.01742773778439,Agago,Wol
33.2083676522111,2.99542849885914,Agago,Wol
33.1783587534201,3.06930325335548,Agago,Wol
33.1836932441053,3.08639823205402,Agago,Wol
33.200961416798,3.09373479293048,Agago,Wol
33.1976461182155,3.05411922215317,Agago,Wol
33.2155483757852,3.09718492378808,Agago,Wol
33.1667563193353,3.13108154576594,Agago,Wol
33.3045740065473,3.08506923025927,Agago,Wol
33.2731658465084,3.08691194332064,Agago,Wol
33.2643714590564,3.14813980361788,Agago,Wol
33.2563048809033,3.03072463542128,Agago,Wol
33.2876107742392,3.05057121403912,Agago,Wol
33.2706322437119,2.99134242136183,Agago,Wol
33.3072626505676,3.14675328338673,Agago,Wol
33.3302151129048,3.09743889761831,Agago,Wol
33.2879517026105,3.1504742177951,Agago,Wol
33.1700061560736,3.18107247739372,Agago,Wol
33.204925836217,3.12002707640684,Agago,Wol
33.274774199245,2.98134245310862,Agago,Wol
33.2680612313195,3.14853636197442,Agago,Wol
33.297123559822,3.06582807373144,Agago,Wol
33.265090794287,3.10706491954457,Agago,Wol
33.1631858193101,3.01970772858503,Agago,Wol
33.2702339363248,2.97813478209605,Agago,Wol
33.2323543597329,3.01263815143574,Agago,Wol
33.2763154221923,3.03085737170112,Agago,Wol
33.2590378597504,3.03680680764904,Agago,Wol
33.3400843247597,3.14806238532624,Agago,Wol
33.2360172189334,3.09716864278534,Agago,Wol
33.1687336725168,3.08265755235712,Agago,Wol
33.2760990536654,3.02193252114649,Agago,Wol
33.1961108829427,2.96747731094603,Agago,Wol
33.1560532739545,3.08831661867788,Agago,Wol
33.2951232193049,3.14059320359509,Agago,Wol
33.2383587714446,3.0075021148814,Agago,Wol
33.1949129947325,3.11541812325518,Agago,Wol
33.1802798092015,3.00878391288365,Agago,Wol
33.1459025054794,3.15782641709343,Agago,Wol
33.277254916287,3.15919731668587,Agago,Wol
33.2723537380755,3.04630501537314,Agago,Wol
33.1750630699468,3.11396287337579,Agago,Wol
33.2469640103963,3.06664003884078,Agago,Wol
33.1771262426705,3.00631741177469,Agago,Wol
33.218849072483,3.1359966542679,Agago,Wol
33.2627451251525,3.1626105413191,Agago,Wol
33.2133011873939,3.12771214305198,Agago,Wol
33.1369269546927,3.08381765427011,Agago,Wol
33.2971140531445,3.06281326141853,Agago,Wol
33.1682095517012,3.08772912528157,Agago,Wol
33.2666468874652,3.01052425525412,Agago,Wol
33.2531622278481,3.08412945482834,Agago,Wol
33.3267130435703,3.03591117593814,Agago,Wol
33.2175043599452,3.14375177679778,Agago,Wol
33.2114973314797,3.15887378663795,Agago,Wol
33.2579573038444,3.07220082599825,Agago,Wol
33.3152032644436,3.1084819887677,Agago,Wol
33.1715740871331,3.17515042949303,Agago,Wol
33.3112647553256,3.07519006716559,Agago,Wol
33.318562780233,3.05291978785684,Agago,Wol
33.3055606572933,3.02354132080762,Agago,Wol
33.2948627449314,3.10586209628049,Agago,Wol
33.2567632085373,2.96549781312376,Agago,Wol
33.3068161644166,3.08974331205202,Agago,Wol
33.2105874336536,3.06642676997258,Agago,Wol
33.2312891540493,3.09056022522351,Agago,Wol
33.3378457409749,3.04650025393584,Agago,Wol
33.3062544164127,3.03852506946197,Agago,Wol
33.2528086348585,3.07356818058585,Agago,Wol
33.3138259908918,3.07869188523168,Agago,Wol
33.163839138972,3.08320511914567,Agago,Wol
33.2423145330176,3.163259975469,Agago,Wol
33.2335865972207,3.11900989203555,Agago,Wol
33.2122735990105,2.96986394679186,Agago,Wol
33.2474523624606,3.12630636219583,Agago,Wol
33.146340030872,3.11881912319715,Agago,Wol
33.2801942317989,3.05099094673909,Agago,Wol
33.2541230382825,3.11330039391998,Agago,Wol
33.2847208366558,3.05800857719262,Agago,Wol
33.3071104690821,3.03631787061747,Agago,Wol
33.3210764844403,3.11650916304342,Agago,Wol
33.2547463180851,3.12213107525375,Agago,Wol
33.1911067724939,3.13637560410008,Agago,Wol
33.2470910338758,2.99587636810922,Agago,Wol
33.2405567049635,3.09272086558825,Agago,Wol
33.3253205748192,3.12032532619308,Agago,Wol
33.1842230600188,3.17895429710787,Agago,Wol
33.1604176194457,3.01353028141596,Agago,Wol
33.3114920688965,3.12222625942378,Agago,Wol
33.3205828120654,3.14932806734318,Agago,Wol
33.3236509456352,3.12755559877458,Agago,Wol
33.1765596739882,3.02103960018507,Agago,Wol
33.3064687878488,3.05757086522404,Agago,Wol
33.248324026428,3.08507025346955,Agago,Wol
33.1887915242965,3.085263281752,Agago,Wol
33.2078560429984,3.06955832402989,Agago,Wol
33.1819298923056,3.07362622099739,Agago,Wol
33.135194119425,3.14129025268219,Agago,Wol
33.1748527105428,2.99507429234375,Agago,Wol
33.2160401172169,3.0317346664584,Agago,Wol
33.2016662320677,2.95648066691239,Agago,Wol
33.2735941526329,3.13509732739015,Agago,Wol
33.2191760960964,3.00888938775229,Agago,Wol
33.2061143253972,3.11202084627423,Agago,Wol
