long,lat,DISTRICT,SUB_DIST,NAME
87.4538824695785,26.4105928202165,Araria,Kursakatta,Asura Kalan Khola
87.3646789436072,26.3769244158054,Araria,Kursakatta,Asura Kalan Khola
87.3551346625482,26.3194201323665,Araria,Kursakatta,Asura Kalan Khola
87.612501240715,26.2581788085839,Araria,Palasi,Balua
87.6102484496848,26.3312516232273,Araria,Palasi,Balua
87.6043771476363,26.1980340936589,Araria,Palasi,Balua
87.1047061974263,26.3083281020486,Araria,Narpatganj,Bela
87.1319869454337,26.2391234363783,Araria,Narpatganj,Bela
87.1153371420466,26.223241620989,Araria,Narpatganj,Bela
87.3359296863991,26.0087278176948,Araria,Raniganj,Bishunpur
87.2541436919197,26.036840060323,Araria,Raniganj,Bishunpur
87.4126465358542,26.0412365279322,Araria,Raniganj,Bishunpur
87.5799183759797,26.0036510010358,Araria,Jokihat,Duba
87.5721393312893,26.1206766786335,Araria,Jokihat,Duba
87.5804660257829,26.0676409224005,Araria,Jokihat,Duba
87.3398777605754,26.3089099464403,Araria,Forbesganj,Jogbani
87.2521813629543,26.1821391823582,Araria,Forbesganj,Jogbani
87.3511915820708,26.2921667620697,Araria,Forbesganj,Jogbani
87.6084850962156,26.365039311428,Araria,Sikti,Majrakh
87.4961005694161,26.3581628641773,Araria,Sikti,Majrakh
87.5656313164079,26.3748004703568,Araria,Sikti,Majrakh
87.4797625960109,26.1081912353639,Araria,Araria,Saranpur
87.4105661612073,26.1335960255738,Araria,Araria,Saranpur
87.450525162602,26.1119710186204,Araria,Araria,Saranpur
87.1205671519803,26.1166269867939,Araria,Bhargama,Simarbani
87.1130031262071,26.1612367828456,Araria,Bhargama,Simarbani
87.1463017234317,26.1508716696468,Araria,Bhargama,Simarbani
84.6713564220653,24.9222421696407,Aurangabad,Goh,Banatra Said
84.6446257750337,25.0952794438027,Aurangabad,Goh,Banatra Said
84.5620099926669,24.952199874628,Aurangabad,Goh,Banatra Said
84.5110083905635,25.0133724963137,Aurangabad,Haspura,Dihuri
84.5615410895148,25.0314914651414,Aurangabad,Haspura,Dihuri
84.6136094274767,25.0466461794385,Aurangabad,Haspura,Dihuri
84.5810510100717,24.7294208631442,Aurangabad,Madanpur,Gongara
84.6297777690823,24.7104175714096,Aurangabad,Madanpur,Gongara
84.564964376204,24.5811042874879,Aurangabad,Madanpur,Gongara
84.3254025595238,24.9365289900049,Aurangabad,Barun,Kadirpura
84.2301709710091,24.9021950331361,Aurangabad,Barun,Kadirpura
84.3021168148041,24.7406375181285,Aurangabad,Barun,Kadirpura
84.3637801723159,24.5364297742487,Aurangabad,Deo,Karam Hazari
84.35190693191,24.5531322412356,Aurangabad,Deo,Karam Hazari
84.3874212380529,24.5677058389739,Aurangabad,Deo,Karam Hazari
84.6934913676276,24.7097769334708,Aurangabad,Rafiganj,Kharauna Buzurg
84.7117516566469,24.78749191983,Aurangabad,Rafiganj,Kharauna Buzurg
84.6455450820837,24.8031178365992,Aurangabad,Rafiganj,Kharauna Buzurg
84.354314115565,24.8816335064904,Aurangabad,Obra,Mahdewa
84.4047571914586,24.9381155497963,Aurangabad,Obra,Mahdewa
84.3601664138276,24.8464596857224,Aurangabad,Obra,Mahdewa
84.4088727334519,24.9893252056957,Aurangabad,Daudnagar,Mohamadpur
84.4383889046701,25.0332198434068,Aurangabad,Daudnagar,Mohamadpur
84.4151723677402,25.0316072747074,Aurangabad,Daudnagar,Mohamadpur
84.356942794816,24.6829697200333,Aurangabad,Kutumba,Pechkach
84.2585604185852,24.5705854537981,Aurangabad,Kutumba,Pechkach
84.2733517130463,24.6141807731293,Aurangabad,Kutumba,Pechkach
84.2647814400659,24.6778945590938,Aurangabad,Nabinagar,Sasna
84.1223189170236,24.6680431744425,Aurangabad,Nabinagar,Sasna
84.1825604929204,24.6133664495398,Aurangabad,Nabinagar,Sasna
84.4949207066271,24.7909678594941,Aurangabad,Aurangabad,Simra
84.4259655616532,24.7294494608709,Aurangabad,Aurangabad,Simra
84.425479348681,24.7488739806594,Aurangabad,Aurangabad,Simra
87.1256940871258,24.9135672047442,Banka,Dhuraiya,Dilawar Chak
87.1025420470733,24.9245808784812,Banka,Dhuraiya,Dilawar Chak
87.0781131629156,24.9658881540178,Banka,Dhuraiya,Dilawar Chak
86.8370511188896,25.0087332763235,Banka,Phulidumar,Domodih
86.7968940809633,24.9880255030572,Banka,Phulidumar,Domodih
86.7498037297537,24.8893219413906,Banka,Phulidumar,Domodih
87.0635748778711,24.7734954861029,Banka,Bausi,Jogdiha
86.9894301101159,24.7489324070633,Banka,Bausi,Jogdiha
86.9451844127375,24.7453309600607,Banka,Bausi,Jogdiha
86.8748529289168,24.9090255590934,Banka,Banka,Karma
86.8846623983428,24.9128495219576,Banka,Banka,Karma
86.9104420871918,24.8813907016878,Banka,Banka,Karma
86.8600048399284,25.0164638674698,Banka,Amarpur,Kusmaha
86.945562735417,25.0796997816718,Banka,Amarpur,Kusmaha
86.8903093914233,25.0068195486496,Banka,Amarpur,Kusmaha
87.0355967897089,24.8668117032465,Banka,Barahat,Muluk
87.0020911196299,24.8603357345783,Banka,Barahat,Muluk
87.0291959240596,24.9206215725504,Banka,Barahat,Muluk
86.7197803655817,25.0834850885203,Banka,Shambhuganj,Raipura
86.654116484228,24.9910811363397,Banka,Shambhuganj,Raipura
86.7919156056997,25.0364527801961,Banka,Shambhuganj,Raipura
86.5826427974215,24.754691695799,Banka,Chanan,Tola Kasbawosila
86.7069107353027,24.6123789496943,Banka,Chanan,Tola Kasbawosila
86.5681132965296,24.7403947924316,Banka,Chanan,Tola Kasbawosila
86.5042259001348,24.9433875427112,Banka,Belhar,Tola Kurpatari
86.5111509578703,24.9268866771936,Banka,Belhar,Tola Kurpatari
86.5149538561533,24.8989734911745,Banka,Belhar,Tola Kurpatari
86.8061236290713,24.7455137149443,Banka,Katoria,Tola Laugain
86.8801821096055,24.6037734736796,Banka,Katoria,Tola Laugain
86.8776862675868,24.7140445237999,Banka,Katoria,Tola Laugain
87.0483896817635,25.0040434916246,Banka,Rajaun,Zohra Chak
86.9661750632703,25.0116042706532,Banka,Rajaun,Zohra Chak
87.0834396362452,25.0431487812028,Banka,Rajaun,Zohra Chak
85.9395792217537,25.433951244319,Begusarai,Teghra,Amwa urf Khaje Jahanpur
85.9695252908083,25.4395027175337,Begusarai,Teghra,Amwa urf Khaje Jahanpur
86.0005894466202,25.4527692944606,Begusarai,Teghra,Amwa urf Khaje Jahanpur
86.1182938601419,25.4921098370135,Begusarai,Barauni,Babhanganwan
86.0984397879297,25.487269821547,Begusarai,Barauni,Babhanganwan
86.0002048600735,25.4405417092542,Begusarai,Barauni,Babhanganwan
86.2808014168497,25.5635510722774,Begusarai,Bakhri,Bahor Chak
86.2383583817553,25.5778489844034,Begusarai,Bakhri,Bahor Chak
86.2584737155983,25.5981383081179,Begusarai,Bakhri,Bahor Chak
86.4068536410762,25.4976715406858,Begusarai,Sahebpur Kamal,Bakhda
86.4041133576745,25.4027151418676,Begusarai,Sahebpur Kamal,Bakhda
86.4394316804225,25.4094866445918,Begusarai,Sahebpur Kamal,Bakhda
86.3081635967812,25.3302869273979,Begusarai,Balia,Barki Balia
86.3130952905841,25.3967204979878,Begusarai,Balia,Barki Balia
86.2868917797511,25.3430457629983,Begusarai,Balia,Barki Balia
86.2280979476829,25.5579200322626,Begusarai,Naokothi,Deora
86.1762546488231,25.5265133731643,Begusarai,Naokothi,Deora
86.1439405488748,25.5669784232433,Begusarai,Naokothi,Deora
85.8961920462171,25.5825886572849,Begusarai,Bachhwara,Gobindpur (Part in Mansur Chak) *
85.8884022852032,25.601719364428,Begusarai,Bachhwara,Gobindpur (Part in Mansur Chak) *
85.7507732672263,25.5463234553833,Begusarai,Bachhwara,Gobindpur (Part in Mansur Chak) *
86.1559581490401,25.551901320132,Begusarai,Begusarai,Haibatpur
86.1538746813243,25.4508264649089,Begusarai,Begusarai,Haibatpur
86.2321935889321,25.5099338241712,Begusarai,Begusarai,Haibatpur
86.1577280081276,25.6539977374826,Begusarai,Chhorahi,Harpur Ibrahimpur
86.1529750074724,25.7535037385815,Begusarai,Chhorahi,Harpur Ibrahimpur
86.1142324724314,25.7025784195689,Begusarai,Chhorahi,Harpur Ibrahimpur
86.2670908916933,25.4852777967053,Begusarai,Dandari,Kodra
86.2713790043428,25.5245588899481,Begusarai,Dandari,Kodra
86.3229404668183,25.5206442407776,Begusarai,Dandari,Kodra
85.9001856444764,25.6242728835986,Begusarai,Mansurchak,Milki
85.9590725574132,25.6333205929287,Begusarai,Mansurchak,Milki
85.9091375602596,25.6316302713098,Begusarai,Mansurchak,Milki
86.1762990115388,25.7106039138783,Begusarai,Garhpura,Mortar
86.214948464952,25.6274845602766,Begusarai,Garhpura,Mortar
86.1686169780429,25.710710102455,Begusarai,Garhpura,Mortar
86.0500776066306,25.6810095665283,Begusarai,Khudabandpur,Narayanpur
86.0629744588705,25.6970402467415,Begusarai,Khudabandpur,Narayanpur
86.0497612854193,25.6708630974337,Begusarai,Khudabandpur,Narayanpur
86.1063747680879,25.5571056380259,Begusarai,Birpur,Naula
86.1179787555719,25.5168568049296,Begusarai,Birpur,Naula
86.0715779159903,25.5290698486298,Begusarai,Birpur,Naula
86.1561272202379,25.3723977814423,Begusarai,Matihani,Ramdiri
86.1790505711601,25.3507957857971,Begusarai,Matihani,Ramdiri
86.1234271462156,25.3946732849694,Begusarai,Matihani,Ramdiri
86.2231558468835,25.262342070717,Begusarai,Shamho Akha Kurha,Singhpur
86.1746974222234,25.2675413868982,Begusarai,Shamho Akha Kurha,Singhpur
86.2060832988958,25.3041325514163,Begusarai,Shamho Akha Kurha,Singhpur
86.027526067938,25.6299721222519,Begusarai,Cheria Bariarpur,Sonbarsa
86.1378990729778,25.5834526809401,Begusarai,Cheria Bariarpur,Sonbarsa
86.089582052575,25.5962071170097,Begusarai,Cheria Bariarpur,Sonbarsa
86.9252488362907,25.4649956439446,Bhagalpur,Bihpur,Ahuti
86.9304548710931,25.4097272707208,Bhagalpur,Bihpur,Ahuti
86.9077802387626,25.3585497585347,Bhagalpur,Bihpur,Ahuti
87.0045315690862,25.3607002237629,Bhagalpur,Kharik,Barheta
86.9943124948937,25.3452039010922,Bhagalpur,Kharik,Barheta
86.9374477793785,25.30999237676,Bhagalpur,Kharik,Barheta
87.1193634203942,25.3714527772237,Bhagalpur,Gopalpur,Dharhara
87.243158583348,25.2804361870382,Bhagalpur,Gopalpur,Dharhara
87.194693294963,25.2682028465068,Bhagalpur,Gopalpur,Dharhara
87.4458914862791,25.2470965824433,Bhagalpur,Pirpainti,Khawaspur Diara urf Topra
87.294322168908,25.381212329621,Bhagalpur,Pirpainti,Khawaspur Diara urf Topra
87.295142939326,25.3613682660502,Bhagalpur,Pirpainti,Khawaspur Diara urf Topra
86.9073155259567,25.1614865294579,Bhagalpur,Shahkund,Khulli
86.8750493500589,25.1090967521352,Bhagalpur,Shahkund,Khulli
86.8064277578065,25.1808287328377,Bhagalpur,Shahkund,Khulli
87.0648039553173,25.2848619012031,Bhagalpur,Ismailpur,Lachhmipur
87.0774798908659,25.303036342699,Bhagalpur,Ismailpur,Lachhmipur
87.1355469047411,25.3093759746629,Bhagalpur,Ismailpur,Lachhmipur
87.2667171429264,25.3145416857291,Bhagalpur,Rangra Chowk,Madrauni Gobindpur Kausli
87.1347593858647,25.4087591392655,Bhagalpur,Rangra Chowk,Madrauni Gobindpur Kausli
87.1952149257549,25.3792193221868,Bhagalpur,Rangra Chowk,Madrauni Gobindpur Kausli
87.0110752855699,25.2364276388994,Bhagalpur,Sabour,Makhajan
87.1412968608958,25.2182256130145,Bhagalpur,Sabour,Makhajan
87.1034338437597,25.1985244122958,Bhagalpur,Sabour,Makhajan
86.8944029806005,25.243776653,Bhagalpur,Nathnagar,Mohanpur
86.9243305975413,25.1915506131002,Bhagalpur,Nathnagar,Mohanpur
86.9214765485201,25.2661770445209,Bhagalpur,Nathnagar,Mohanpur
86.887905957786,25.3785543961129,Bhagalpur,Narayanpur,Nagarpara
86.7797688916315,25.2869504567346,Bhagalpur,Narayanpur,Nagarpara
86.8506964544355,25.3182079083658,Bhagalpur,Narayanpur,Nagarpara
87.0726252316231,25.3549969328943,Bhagalpur,Naugachhia,Partapnagar
87.1198755338181,25.4110930505075,Bhagalpur,Naugachhia,Partapnagar
87.0664019208241,25.4360735841175,Bhagalpur,Naugachhia,Partapnagar
87.2993672936424,25.2270376309797,Bhagalpur,Colgong,Sangalbahita
87.1741183336537,25.2149014383453,Bhagalpur,Colgong,Sangalbahita
87.3005413402761,25.2113346591156,Bhagalpur,Colgong,Sangalbahita
87.0511676002332,25.1342967128698,Bhagalpur,Goradih,Sarmaspur
87.138592675441,25.1599682958676,Bhagalpur,Goradih,Sarmaspur
87.115660353904,25.1358972415415,Bhagalpur,Goradih,Sarmaspur
87.2111489071675,25.0998187928122,Bhagalpur,Sonhaula,Sirmatpur
87.2039897374908,25.1646612943881,Bhagalpur,Sonhaula,Sirmatpur
87.2040611817912,25.110221933396,Bhagalpur,Sonhaula,Sirmatpur
86.6923852061111,25.1397911616321,Bhagalpur,Sultanganj,Tahawarnagar
86.7926323182026,25.2416113502788,Bhagalpur,Sultanganj,Tahawarnagar
86.7612113182041,25.2569112628236,Bhagalpur,Sultanganj,Tahawarnagar
84.5988488133202,25.3524529131412,Bhojpur,Agiaon,Bankat
84.7284786222547,25.3381024812691,Bhojpur,Agiaon,Bankat
84.6360248025682,25.3593288133244,Bhojpur,Agiaon,Bankat
84.382215503893,25.4733855726165,Bhojpur,Jagdishpur,Danwan
84.4016844010876,25.4455426190816,Bhojpur,Jagdishpur,Danwan
86.9866258305244,25.1426573727212,Bhojpur,Jagdishpur,Danwan
84.3630047496734,25.660333732274,Bhojpur,Shahpur,Isharpura
84.353417246479,25.6533528692025,Bhojpur,Shahpur,Isharpura
84.3730581438404,25.6485034434919,Bhojpur,Shahpur,Isharpura
84.5011235847716,25.3395711948688,Bhojpur,Charpokhari,Kasmariya
84.507642800127,25.3306517206346,Bhojpur,Charpokhari,Kasmariya
84.4845326716118,25.3203603993891,Bhojpur,Charpokhari,Kasmariya
84.3333986985977,25.3536927025502,Bhojpur,Piro,Kukrahan
84.4270387289544,25.3398236212704,Bhojpur,Piro,Kukrahan
84.3376572763078,25.2550631685995,Bhojpur,Piro,Kukrahan
84.3490864415952,25.5965949613155,Bhojpur,Behea,Kundesar
84.4712122893212,25.5999642598979,Bhojpur,Behea,Kundesar
84.4238846903329,25.5550918258361,Bhojpur,Behea,Kundesar
84.7225918487362,25.643948241672,Bhojpur,Koilwar,Makhdumpur
84.7435869263152,25.6344198212138,Bhojpur,Koilwar,Makhdumpur
84.7873188139584,25.5881840567088,Bhojpur,Koilwar,Makhdumpur
84.571028541821,25.4273783935443,Bhojpur,Garhani,Manduri
84.6101307073496,25.4108909895694,Bhojpur,Garhani,Manduri
84.5457155196858,25.3754896344168,Bhojpur,Garhani,Manduri
84.3660629066437,25.2426483597901,Bhojpur,Tarari,Naua
84.5107157593989,25.3070574776041,Bhojpur,Tarari,Naua
84.4884953635331,25.2831405484691,Bhojpur,Tarari,Naua
84.5839406170557,25.5676110800521,Bhojpur,Udwant Nagar,Nawa Nagar
84.5445445897963,25.5629586941122,Bhojpur,Udwant Nagar,Nawa Nagar
84.6261642225768,25.5121201969295,Bhojpur,Udwant Nagar,Nawa Nagar
84.5439137902575,25.293245506166,Bhojpur,Sahar,Purhara
84.6286802830741,25.2414522020134,Bhojpur,Sahar,Purhara
84.5422404504703,25.2851919382102,Bhojpur,Sahar,Purhara
84.6090591889637,25.5735106675022,Bhojpur,Arrah,Salempur
84.6080059327843,25.6267415860592,Bhojpur,Arrah,Salempur
84.7123824776214,25.5487155125167,Bhojpur,Arrah,Salempur
84.6673281044365,25.4361973333882,Bhojpur,Sandesh,Sarimpur Bachri
84.6905409173953,25.4734310360955,Bhojpur,Sandesh,Sarimpur Bachri
84.7388064438319,25.4757701463825,Bhojpur,Sandesh,Sarimpur Bachri
83.957941471995,25.391619185177,Buxar,Rajpur,Bamhani
83.9619067938829,25.3982885103466,Buxar,Rajpur,Bamhani
84.0190579935474,25.3192784760751,Buxar,Rajpur,Bamhani
84.2129559091728,25.386133418807,Buxar,Nawanagar,Baraon
84.2714508067908,25.3639078866809,Buxar,Nawanagar,Baraon
84.1066642946884,25.3973788826549,Buxar,Nawanagar,Baraon
84.1791096300814,25.5062810042223,Buxar,Chaugain,Belahri
84.2420749183769,25.533383536808,Buxar,Chaugain,Belahri
84.2325295324727,25.4569264972314,Buxar,Chaugain,Belahri
84.1397307034735,25.6218386887092,Buxar,Simri,Bilaspur (Unsurveyed)
84.1302986654709,25.6123174923437,Buxar,Simri,Bilaspur (Unsurveyed)
84.1417476801054,25.6413868641351,Buxar,Simri,Bilaspur (Unsurveyed)
84.1260354318616,25.5294349514356,Buxar,Dumraon,Chilhari
84.1207944384867,25.4669611726594,Buxar,Dumraon,Chilhari
84.2188869416328,25.5002218469687,Buxar,Dumraon,Chilhari
84.0578340548915,25.4827958547484,Buxar,Itarhi,Harpur
84.0045064199244,25.3715462040553,Buxar,Itarhi,Harpur
84.0678025529003,25.4635203431478,Buxar,Itarhi,Harpur
84.1985091533066,25.6332169236697,Buxar,Chakki,Mahaur Naubara
84.2253196347885,25.6458272295316,Buxar,Chakki,Mahaur Naubara
84.2420096988694,25.6421795610897,Buxar,Chakki,Mahaur Naubara
84.3029521685624,25.6214819987332,Buxar,Barhampur,Maji Karanpur
84.3140563201477,25.5342931012015,Buxar,Barhampur,Maji Karanpur
84.3293023570411,25.5676459083013,Buxar,Barhampur,Maji Karanpur
83.9889574566353,25.5129691944851,Buxar,Buxar,Padumpur
84.0479861716958,25.6116145216598,Buxar,Buxar,Padumpur
83.9893706484769,25.5285192141165,Buxar,Buxar,Padumpur
84.2500238008854,25.3883158671201,Buxar,Kesath,Rampur
84.2291495639515,25.4382053275971,Buxar,Kesath,Rampur
84.2346796783371,25.4164801035993,Buxar,Kesath,Rampur
84.472976482695,24.3092895502832,Chatra,Pratappur,Chatra District Part
84.4788699250495,24.3050849050875,Chatra,Pratappur,Chatra District Part
84.4901854303644,24.3134411741736,Chatra,Pratappur,Chatra District Part
86.020352194968,25.9839183585136,Darbhanga,Baheri,Athar
85.994495393878,25.9655444829278,Darbhanga,Baheri,Athar
86.0195060580036,25.944799489348,Darbhanga,Baheri,Athar
85.7825900964286,26.1034531933294,Darbhanga,Hanumannagar,BalbhadarPanchobh urf Na
85.7562935071569,26.0460152600372,Darbhanga,Hanumannagar,BalbhadarPanchobh urf Na
85.8482718322311,26.0485883872021,Darbhanga,Hanumannagar,BalbhadarPanchobh urf Na
86.3488177150058,25.8068827549381,Darbhanga,Kusheshwar Asthan Purbi,Bhirua
86.3339359530986,25.8090724997734,Darbhanga,Kusheshwar Asthan Purbi,Bhirua
86.381902922066,25.7914412060766,Darbhanga,Kusheshwar Asthan Purbi,Bhirua
86.0316765504909,26.2328410126754,Darbhanga,Darbhanga,Bramotar Az Rakbe Chhatwan
85.9806433956443,26.1447815463657,Darbhanga,Darbhanga,Bramotar Az Rakbe Chhatwan
86.0447525353104,26.1734983729282,Darbhanga,Darbhanga,Bramotar Az Rakbe Chhatwan
85.9368271733984,26.0616464271877,Darbhanga,Hayaghat,Chandanpatti
85.9082448478546,26.0091158185124,Darbhanga,Hayaghat,Chandanpatti
85.873665552322,26.0451425344151,Darbhanga,Hayaghat,Chandanpatti
85.740826089436,26.2847297695029,Darbhanga,Jale,Chandauna
85.7753708400627,26.3853533313506,Darbhanga,Jale,Chandauna
85.8054410937497,26.3168646345081,Darbhanga,Jale,Chandauna
86.2424794435949,25.7959238329355,Darbhanga,Kusheshwar Asthan,Fakirana Kalyan Dih
86.2946046285949,25.8272191642996,Darbhanga,Kusheshwar Asthan,Fakirana Kalyan Dih
86.2185059827666,25.8515255938522,Darbhanga,Kusheshwar Asthan,Fakirana Kalyan Dih
86.2526632633759,26.0457306384142,Darbhanga,Alinagar,Gadaul
86.2339858334409,26.1372200969954,Darbhanga,Alinagar,Gadaul
86.2041984159032,26.0397147385911,Darbhanga,Alinagar,Gadaul
86.3326153548014,26.0812848039262,Darbhanga,Ghanshyampur,Jadupatti
86.3175487953709,26.1196675258826,Darbhanga,Ghanshyampur,Jadupatti
86.3025636879871,26.0118085019439,Darbhanga,Ghanshyampur,Jadupatti
85.9219712706189,26.0900764555034,Darbhanga,Bahadurpur,Kheraj Shahpur
86.0280728857216,26.0667270492634,Darbhanga,Bahadurpur,Kheraj Shahpur
85.8627198718345,26.1111288079456,Darbhanga,Bahadurpur,Kheraj Shahpur
85.7694695505085,26.1428203603334,Darbhanga,Singhwara,Madhupur
85.8184497228018,26.1421956355541,Darbhanga,Singhwara,Madhupur
85.7787007996854,26.2708549031515,Darbhanga,Singhwara,Madhupur
86.3440286343659,25.9421361997451,Darbhanga,Gora Bauram,Magura
86.2772760396754,26.030640589368,Darbhanga,Gora Bauram,Magura
86.3138396906075,25.9027571560351,Darbhanga,Gora Bauram,Magura
86.2303085172829,25.9352919222146,Darbhanga,Biraul,Neuri
86.1679326105811,25.9379214491906,Darbhanga,Biraul,Neuri
86.2625752862227,25.9055233098885,Darbhanga,Biraul,Neuri
86.2043438830486,26.1662535205219,Darbhanga,Tardih,Phulwaria
86.269767286176,26.1321018178349,Darbhanga,Tardih,Phulwaria
86.2906978462532,26.1052030919925,Darbhanga,Tardih,Phulwaria
85.9479186475826,26.2741799009524,Darbhanga,Keotiranway,Rajaura
85.8648797870831,26.2600201439119,Darbhanga,Keotiranway,Rajaura
85.8895647435103,26.2576332663861,Darbhanga,Keotiranway,Rajaura
86.1752933444266,26.197065252397,Darbhanga,Manigachhi,Raje
86.21015203861,26.1810689549621,Darbhanga,Manigachhi,Raje
86.1546550046083,26.205088952531,Darbhanga,Manigachhi,Raje
86.3643069527919,25.9374754154256,Darbhanga,Kiratpur,Rasiari
86.3550583684383,25.9651061353396,Darbhanga,Kiratpur,Rasiari
86.3636246338434,25.9650236559235,Darbhanga,Kiratpur,Rasiari
86.1318494906829,26.0908350487455,Darbhanga,Benipur,Tarauni
86.1832770025527,26.0413215089224,Darbhanga,Benipur,Tarauni
86.1519092764291,26.0716837862148,Darbhanga,Benipur,Tarauni
84.4547267745155,24.4240838959406,Gaya,Dumaria,Anarbansalea
84.460489129841,24.4365542361757,Gaya,Dumaria,Anarbansalea
84.4331240662841,24.5470361842127,Gaya,Dumaria,Anarbansalea
85.3394127240032,25.0153476197628,Gaya,Neem Chak Bathani,Arhanpura
85.2512661053858,25.0278930061936,Gaya,Neem Chak Bathani,Arhanpura
85.1834513109412,24.9557581527164,Gaya,Neem Chak Bathani,Arhanpura
84.9512089439065,24.8925096080645,Gaya,Gaya Town CD Block,Bhikhanpur
85.0057776372071,24.820857890892,Gaya,Gaya Town CD Block,Bhikhanpur
85.006329283648,24.8442624903827,Gaya,Gaya Town CD Block,Bhikhanpur
85.2315929051119,24.8544566469919,Gaya,Wazirganj,Budhaul
85.2269271482379,24.8197997869022,Gaya,Wazirganj,Budhaul
85.2070793602561,24.7498332794579,Gaya,Wazirganj,Budhaul
85.1481286568915,24.9238943235567,Gaya,Atri,Chakra
85.1890363250672,24.883328154389,Gaya,Atri,Chakra
85.1479576954651,24.8675764140779,Gaya,Atri,Chakra
84.8413007713071,24.5469336162354,Gaya,Sherghati,Cherki
84.8815593694005,24.5682185305075,Gaya,Sherghati,Cherki
84.8590384628262,24.5331798895192,Gaya,Sherghati,Cherki
85.0800724344142,24.7470688475492,Gaya,Manpur,Delha
85.0810574414371,24.7693152701474,Gaya,Manpur,Delha
85.076450527774,24.818258696054,Gaya,Manpur,Delha
84.7953003361777,24.9040675668011,Gaya,Konch,Gararhi
84.7554607565459,24.877152027487,Gaya,Konch,Gararhi
84.7507958647302,25.0167013647326,Gaya,Konch,Gararhi
84.9445703918103,24.6623336397738,Gaya,Bodh Gaya,Jamari
85.0322427716333,24.7536090021132,Gaya,Bodh Gaya,Jamari
84.9555811045812,24.7004596724843,Gaya,Bodh Gaya,Jamari
85.2683165946044,24.916652468731,Gaya,Muhra,Jithian
85.2916817009485,24.8735316802171,Gaya,Muhra,Jithian
85.2744113748229,24.9310498520888,Gaya,Muhra,Jithian
84.9049650325414,24.786783157486,Gaya,Paraiya,Karhata
84.8962065846236,24.7468150262706,Gaya,Paraiya,Karhata
84.9185740838103,24.8399746812505,Gaya,Paraiya,Karhata
84.7762134723996,24.6722950376723,Gaya,Gurua,Keturi
84.7453391874349,24.6549010076922,Gaya,Gurua,Keturi
84.739782716407,24.6571209695483,Gaya,Gurua,Keturi
85.2660562443989,24.541641006191,Gaya,Fatehpur,Khajuri
85.2752846836487,24.6042546958784,Gaya,Fatehpur,Khajuri
85.2805864101505,24.4913610613509,Gaya,Fatehpur,Khajuri
84.7896134296114,24.8136108887725,Gaya,Guraru,Koriauna
84.7591578913718,24.7597355340532,Gaya,Guraru,Koriauna
84.7639496825609,24.8074271053026,Gaya,Guraru,Koriauna
85.0342980705137,24.9452734630896,Gaya,Belaganj,Koriyawan
84.9735205191356,24.9405850638814,Gaya,Belaganj,Koriyawan
84.9281414234095,24.9545912144559,Gaya,Belaganj,Koriyawan
84.9775774757885,24.5945179229179,Gaya,Dobhi,Kurumdih
84.9177902384731,24.478461561702,Gaya,Dobhi,Kurumdih
84.9257840963887,24.6013318492507,Gaya,Dobhi,Kurumdih
85.083135919902,24.9513892843306,Gaya,Khizirsarai,Kusdehra
85.2148156214325,25.0143330687964,Gaya,Khizirsarai,Kusdehra
85.1191681701637,24.9261193231935,Gaya,Khizirsarai,Kusdehra
84.9673464538364,24.4020492817689,Gaya,Barachatti,Majhauli
84.9901728959316,24.5457332106192,Gaya,Barachatti,Majhauli
84.9997480899283,24.4704412346993,Gaya,Barachatti,Majhauli
84.5388717945261,24.4077466913616,Gaya,Imamganj,Pariain Kurha
84.6548099660734,24.4250893424622,Gaya,Imamganj,Pariain Kurha
84.5291565002478,24.3356165255808,Gaya,Imamganj,Pariain Kurha
84.7161155497133,24.6302054015989,Gaya,Amas,Patej
84.7284280226043,24.5848571585582,Gaya,Amas,Patej
84.8070639656964,24.6083332077977,Gaya,Amas,Patej
85.1575978044433,24.6960724467214,Gaya,Tan Kuppa,Sahil
85.1089016594361,24.6699489867713,Gaya,Tan Kuppa,Sahil
85.175705637507,24.6901690226238,Gaya,Tan Kuppa,Sahil
84.9152815061663,24.9378465006291,Gaya,Tikari,Sanra
84.9302020269632,24.887835642498,Gaya,Tikari,Sanra
84.8206648566657,24.9265402010389,Gaya,Tikari,Sanra
84.6596119434286,24.5349062299753,Gaya,Banke Bazar,Sondaha
84.6168872900433,24.5355088127193,Gaya,Banke Bazar,Sondaha
84.716717207227,24.5216410678336,Gaya,Banke Bazar,Sondaha
84.2917477453166,26.533542294433,Gopalganj,Kuchaikote,Adhmauli
84.2342032495093,26.5797689686456,Gopalganj,Kuchaikote,Adhmauli
84.3542525886396,26.5861661715537,Gopalganj,Kuchaikote,Adhmauli
84.0953393692878,26.4059054056678,Gopalganj,Bhorey,Chhathianw
84.141108487802,26.4335355386419,Gopalganj,Bhorey,Chhathianw
84.1308088806769,26.4527108499403,Gopalganj,Bhorey,Chhathianw
84.219220651142,26.4287201211977,Gopalganj,Phulwaria,Gidha
84.2696913619156,26.4332825121983,Gopalganj,Phulwaria,Gidha
84.2018403542106,26.4445393014693,Gopalganj,Phulwaria,Gidha
83.956132361427,26.4914233447579,Gopalganj,Bijaipur,Itwa
84.0380934238727,26.477531951344,Gopalganj,Bijaipur,Itwa
83.9441722748044,26.4983935959147,Gopalganj,Bijaipur,Itwa
84.4326479725965,26.5142675645644,Gopalganj,Gopalganj,Khargauli
84.4863471269229,26.5370716852017,Gopalganj,Gopalganj,Khargauli
84.4966194040934,26.5122217912112,Gopalganj,Gopalganj,Khargauli
84.1698806586695,26.5404388030075,Gopalganj,Pach Deuri,Machwa
84.1337991417648,26.5615799812733,Gopalganj,Pach Deuri,Machwa
84.1784951059292,26.5527926547549,Gopalganj,Pach Deuri,Machwa
84.4897995322537,26.4035409934227,Gopalganj,Manjha,Namuiyan
84.5479522130333,26.4336287425219,Gopalganj,Manjha,Namuiyan
84.5292567707217,26.4583731151147,Gopalganj,Manjha,Namuiyan
84.7458788052987,26.241647338697,Gopalganj,Baikunthpur,Pakri
84.7243065678124,26.307349288592,Gopalganj,Baikunthpur,Pakri
84.8707727191998,26.2211846910765,Gopalganj,Baikunthpur,Pakri
84.0660017489042,26.5286219316582,Gopalganj,Katiya,Rudarpur
84.1085060768949,26.5885096681389,Gopalganj,Katiya,Rudarpur
84.1195541329914,26.5062178143438,Gopalganj,Katiya,Rudarpur
84.7112669258734,26.3747307962337,Gopalganj,Sidhwalia,Salehpur
84.6699972025104,26.3867611811894,Gopalganj,Sidhwalia,Salehpur
84.6307747930697,26.3195760394338,Gopalganj,Sidhwalia,Salehpur
84.3088203859866,26.431509672127,Gopalganj,Uchkagaon,Sanah Madho
84.3588800245551,26.4804528384668,Gopalganj,Uchkagaon,Sanah Madho
84.3147720855011,26.4253738740038,Gopalganj,Uchkagaon,Sanah Madho
84.3855714703023,26.3839985786772,Gopalganj,Thawe,Sukulwa Khurd
84.3999427966049,26.3836845749985,Gopalganj,Thawe,Sukulwa Khurd
84.4057533540425,26.4021111437397,Gopalganj,Thawe,Sukulwa Khurd
84.3520868253947,26.3401478054298,Gopalganj,Hathua,Supahi
84.2942511283263,26.3697128441089,Gopalganj,Hathua,Supahi
84.3441192923083,26.322495883656,Gopalganj,Hathua,Supahi
84.5387736588554,26.3583612935112,Gopalganj,Barauli,Tola Kinnu Ram
84.5776012761123,26.40940894947,Gopalganj,Barauli,Tola Kinnu Ram
84.6063795688401,26.4019077048976,Gopalganj,Barauli,Tola Kinnu Ram
86.4230717972684,24.9012910679071,Jamui,Lakshmipur,Anantpur
86.3415488436645,24.9787828790268,Jamui,Lakshmipur,Anantpur
86.4188124799151,25.0288165682112,Jamui,Lakshmipur,Anantpur
86.0788676744147,24.7631318062509,Jamui,Khaira,Bariarpur
86.2325734617616,24.8158679584187,Jamui,Khaira,Bariarpur
86.1885803325121,24.79676887699,Jamui,Khaira,Bariarpur
85.9544797842912,24.9535889348676,Jamui,Islamnagar Aliganj,Dinnagar
85.8947835088438,25.0059067239915,Jamui,Islamnagar Aliganj,Dinnagar
85.8866247242484,24.992241250167,Jamui,Islamnagar Aliganj,Dinnagar
86.1800335365296,24.9958749773015,Jamui,Jamui,Majhwe
86.164070104284,24.9149974819899,Jamui,Jamui,Majhwe
86.2239878444365,24.9583689812545,Jamui,Jamui,Majhwe
86.3301445590701,24.8746427239854,Jamui,Gidhaur,Ratanpur
86.3065338331117,24.8560210903306,Jamui,Gidhaur,Ratanpur
86.3375742280729,24.8394095129659,Jamui,Gidhaur,Ratanpur
86.0193833626996,24.8754775078096,Jamui,Sikandra,Tal Saharsa
86.0828198923982,24.9502934344567,Jamui,Sikandra,Tal Saharsa
86.1241078491074,24.9378205726273,Jamui,Sikandra,Tal Saharsa
86.4637175569825,24.6914117707025,Jamui,Jhajha,Tola Dhabatia
86.5604404749152,24.6982277359504,Jamui,Jhajha,Tola Dhabatia
86.3267435897331,24.7839426809311,Jamui,Jhajha,Tola Dhabatia
86.2038321313998,24.5901187510959,Jamui,Chakai,Tola Kitakasa
86.3705098342053,24.5022920358015,Jamui,Chakai,Tola Kitakasa
86.4879522257299,24.6800006134279,Jamui,Chakai,Tola Kitakasa
86.2603480191277,25.0192101250604,Jamui,Barhat,Tola Raunakabad Pahar
86.3642331690516,25.1127943830838,Jamui,Barhat,Tola Raunakabad Pahar
86.2754644886955,24.9270758107457,Jamui,Barhat,Tola Raunakabad Pahar
86.2307934575524,24.772321470036,Jamui,Sono,Tola Sabaijor
86.2642946430473,24.7033271583238,Jamui,Sono,Tola Sabaijor
86.2656922105815,24.671859032018,Jamui,Sono,Tola Sabaijor
85.0371514618903,25.1528606678975,Jehanabad,Kako,Baranwan
85.0656987640323,25.1878641130675,Jehanabad,Kako,Baranwan
85.0044528794443,25.1860283321112,Jehanabad,Kako,Baranwan
84.9813173632838,25.1701489918559,Jehanabad,Jehanabad,Daulatpur
84.9086755060496,25.2883469967324,Jehanabad,Jehanabad,Daulatpur
84.9255864800309,25.1539337069807,Jehanabad,Jehanabad,Daulatpur
84.6839830451561,25.1162056995469,Jehanabad,Sonbhadra Banshi Suryapur,Karwa Balram
84.7890406423011,25.082324687575,Jehanabad,Sonbhadra Banshi Suryapur,Karwa Balram
84.7357294216929,25.0725238191918,Jehanabad,Sonbhadra Banshi Suryapur,Karwa Balram
84.8321721689518,25.1780838814656,Jehanabad,Kurtha,Khaira
84.8204673185271,25.1238810332476,Jehanabad,Kurtha,Khaira
84.825569150369,25.1893757615613,Jehanabad,Kurtha,Khaira
84.6743049505761,25.2134100212589,Jehanabad,Arwal,Koriam
84.6076187735246,25.2295334616576,Jehanabad,Arwal,Koriam
84.6270147034697,25.1707068604934,Jehanabad,Arwal,Koriam
85.0901690520525,25.0398906633828,Jehanabad,Ghoshi,Korman
85.0973070627968,25.115103804764,Jehanabad,Ghoshi,Korman
85.0823251106443,25.1449012832167,Jehanabad,Ghoshi,Korman
84.8622474576581,25.1324148633999,Jehanabad,Ratni Faridpur,Lakhapur
84.8807930470824,25.2393022407308,Jehanabad,Ratni Faridpur,Lakhapur
84.8613436373256,25.1069997907297,Jehanabad,Ratni Faridpur,Lakhapur
84.7663419073066,25.1727665902098,Jehanabad,Karpi,Latifpur Paraha
84.7273263967954,25.1740388611546,Jehanabad,Karpi,Latifpur Paraha
84.6160860585491,25.1159154382123,Jehanabad,Karpi,Latifpur Paraha
85.0294593081333,25.12919409656,Jehanabad,Makhdumpur,Minjumla
85.0189752835924,25.0552364617141,Jehanabad,Makhdumpur,Minjumla
84.9283446272182,25.0290848178099,Jehanabad,Makhdumpur,Minjumla
85.1427834264129,25.1310015589473,Jehanabad,Hulasganj,Murgawan
85.1809534781583,25.0900386465111,Jehanabad,Hulasganj,Murgawan
85.1736957510956,25.1477232131697,Jehanabad,Hulasganj,Murgawan
84.6186161184438,25.1325764607955,Jehanabad,Kaler,Parasrampur
84.5263189391019,25.1067932364772,Jehanabad,Kaler,Parasrampur
84.5425359512819,25.1530526354228,Jehanabad,Kaler,Parasrampur
85.1069631782943,25.2123100510641,Jehanabad,Modanganj,Tanrwa
85.1336672979479,25.231466021642,Jehanabad,Modanganj,Tanrwa
85.1600776926003,25.2707328165003,Jehanabad,Modanganj,Tanrwa
83.7594003009441,24.9062058715621,Kaimur (Bhabua),Rampur,Bahera
83.7490976978276,24.8832515043382,Kaimur (Bhabua),Rampur,Bahera
83.7100684761588,24.9529843571109,Kaimur (Bhabua),Rampur,Bahera
83.4585687459561,24.9540288201599,Kaimur (Bhabua),Chainpur,Balubheria
83.3978028778311,24.8924645949162,Kaimur (Bhabua),Chainpur,Balubheria
83.5124187625362,25.0136420540451,Kaimur (Bhabua),Chainpur,Balubheria
83.4539856449324,25.1920345115031,Kaimur (Bhabua),Durgawati,Garhwa
83.4448052056668,25.1845548243972,Kaimur (Bhabua),Durgawati,Garhwa
83.5605867156119,25.2556277263275,Kaimur (Bhabua),Durgawati,Garhwa
83.6278813156386,25.0601174279853,Kaimur (Bhabua),Bhabua,Goraipur
83.6201097880277,25.1095686975735,Kaimur (Bhabua),Bhabua,Goraipur
83.5676284592021,25.1568557242055,Kaimur (Bhabua),Bhabua,Goraipur
83.7853433020263,25.3217796111071,Kaimur (Bhabua),Nuaon,Jaitpura
83.7933289508633,25.265664233566,Kaimur (Bhabua),Nuaon,Jaitpura
83.8311448034017,25.2862260630859,Kaimur (Bhabua),Nuaon,Jaitpura
83.5987211852523,24.7982725120683,Kaimur (Bhabua),Adhaura,Lohandi
83.6271702189677,24.6445814383663,Kaimur (Bhabua),Adhaura,Lohandi
83.5390991372071,24.6520656623591,Kaimur (Bhabua),Adhaura,Lohandi
83.7875786432973,25.136637558609,Kaimur (Bhabua),Kudra,Mohanpur
83.8198421379698,25.0775332563854,Kaimur (Bhabua),Kudra,Mohanpur
83.7773719757076,25.0998164650224,Kaimur (Bhabua),Kudra,Mohanpur
83.7534265942823,25.2024602323939,Kaimur (Bhabua),Mohania,Naseja
83.7136913980051,25.1631726992997,Kaimur (Bhabua),Mohania,Naseja
83.6449497206108,25.2220317580541,Kaimur (Bhabua),Mohania,Naseja
83.7437842434951,25.285685643865,Kaimur (Bhabua),Ramgarh,Prainpur
83.6397156008497,25.3093343113635,Kaimur (Bhabua),Ramgarh,Prainpur
83.6920911639981,25.2830967995822,Kaimur (Bhabua),Ramgarh,Prainpur
83.392289018052,25.0519223300749,Kaimur (Bhabua),Chand,Shiv
83.4552089054445,25.1214453959573,Kaimur (Bhabua),Chand,Shiv
83.3321748633425,25.0337331588841,Kaimur (Bhabua),Chand,Shiv
87.4827127981688,25.4140475317297,Katihar,Barari,Bhaisdiara
87.4181283323348,25.5252880531282,Katihar,Barari,Bhaisdiara
87.3462052895558,25.4392184339298,Katihar,Barari,Bhaisdiara
87.5942874292112,25.5485998374089,Katihar,katihar,Bhauara
87.6194876765587,25.557078176894,Katihar,katihar,Bhauara
87.5876876086259,25.598372390288,Katihar,katihar,Bhauara
87.239073209516,25.5357786497606,Katihar,Sameli,Chhohar
87.3422927235209,25.5382590305002,Katihar,Sameli,Chhohar
87.3029694553312,25.5171984978187,Katihar,Sameli,Chhohar
87.6181854025858,25.4509502175761,Katihar,Mansahi,Chitauria
87.5773087407364,25.4615721954913,Katihar,Mansahi,Chitauria
87.6286238465861,25.4593168498106,Katihar,Mansahi,Chitauria
87.787757151975,25.3365416602344,Katihar,Amdabad,Dewa Lachhmipur
87.7457636452693,25.3525943088834,Katihar,Amdabad,Dewa Lachhmipur
87.8203005286767,25.233483856964,Katihar,Amdabad,Dewa Lachhmipur
87.6615155582469,25.6178537727467,Katihar,Dandkhora,Doasi
87.6206440964086,25.5976146608731,Katihar,Dandkhora,Doasi
87.6797472077491,25.6312937886765,Katihar,Dandkhora,Doasi
87.5761379919777,25.3740100458723,Katihar,Manihari,Kumaripur
87.5472630317092,25.3429632468995,Katihar,Manihari,Kumaripur
87.709371628647,25.3678688547338,Katihar,Manihari,Kumaripur
87.8766638784223,25.601842165746,Katihar,Azamnagar,Machhkhairan
87.789507332067,25.4745072874046,Katihar,Azamnagar,Machhkhairan
87.8227505299865,25.57596094213,Katihar,Azamnagar,Machhkhairan
87.3160390531143,25.4840227742144,Katihar,Kursela,Madhaili
87.2725727954317,25.3639477343278,Katihar,Kursela,Madhaili
87.3066142581208,25.4101089642852,Katihar,Kursela,Madhaili
87.7102453461392,25.5314488774082,Katihar,Pranpur,Majhaili
87.7387338716891,25.4244194118271,Katihar,Pranpur,Majhaili
87.6823145389241,25.4770376819039,Katihar,Pranpur,Majhaili
87.9161392279977,25.5966773574213,Katihar,Barsoi,Malaur
87.8805676039359,25.70349599486,Katihar,Barsoi,Malaur
88.0248082413914,25.6114044858458,Katihar,Barsoi,Malaur
87.2509707240409,25.6228017628888,Katihar,Falka,Pirmokam
87.2774527851069,25.5945542127254,Katihar,Falka,Pirmokam
87.3470059401753,25.6064094901625,Katihar,Falka,Pirmokam
87.779928917791,25.6904614169308,Katihar,Kadwa,Sahanpur
87.6716034458359,25.6546018185835,Katihar,Kadwa,Sahanpur
87.7739653797688,25.7257271656308,Katihar,Kadwa,Sahanpur
87.8820175551112,25.8560038785878,Katihar,Balrampur,Salempur
87.8212162947941,25.866856093842,Katihar,Balrampur,Salempur
87.8554683200988,25.7526246986568,Katihar,Balrampur,Salempur
87.5899637106606,25.6472233429781,Katihar,Hasanganj,Sapni
87.6291816336708,25.6288419942906,Katihar,Hasanganj,Sapni
87.5831865444592,25.6207425978357,Katihar,Hasanganj,Sapni
87.4892613999249,25.5587984166783,Katihar,Korha,Uttarwarikol
87.3898695703907,25.6653077230826,Katihar,Korha,Uttarwarikol
87.4465039628394,25.5671619593964,Katihar,Korha,Uttarwarikol
86.6046618526473,25.6157631639802,Khagaria,Chautham,Arnawan
86.5986012826104,25.5570154206894,Khagaria,Chautham,Arnawan
86.6472990476075,25.5570342667177,Khagaria,Chautham,Arnawan
86.6358686591527,25.4244301451634,Khagaria,Gogri,Baltara
86.6650017421799,25.3632584667732,Khagaria,Gogri,Baltara
86.692216206144,25.4206157927188,Khagaria,Gogri,Baltara
86.7216703636661,25.3496420297498,Khagaria,Parbatta,Jhajhra
86.6472931503062,25.3164384124237,Khagaria,Parbatta,Jhajhra
86.6572914137509,25.3185891477733,Khagaria,Parbatta,Jhajhra
86.7862332127573,25.5409860203626,Khagaria,Beldaur,Mali
86.8048544645221,25.5158860565606,Khagaria,Beldaur,Mali
86.8354406824517,25.5380216328348,Khagaria,Beldaur,Mali
86.3128898765791,25.5407481660479,Khagaria,Khagaria,Marar
86.4387929750936,25.5177843162668,Khagaria,Khagaria,Marar
86.4629067307999,25.5170325063641,Khagaria,Khagaria,Marar
86.412428206391,25.6496004692803,Khagaria,Alauli,Saharbani
86.4304626846748,25.6314906232025,Khagaria,Alauli,Saharbani
86.3304581615291,25.6080685026351,Khagaria,Alauli,Saharbani
86.5470031624296,25.5412633021403,Khagaria,Mansi,Thamta
86.551047426609,25.512036517811,Khagaria,Mansi,Thamta
86.5646799049062,25.5245039287407,Khagaria,Mansi,Thamta
87.7523487607294,26.2555749320543,Kishanganj,Bahadurganj,Duadangi
87.8330117387553,26.2947538342049,Kishanganj,Bahadurganj,Duadangi
87.8029401715263,26.2408657871246,Kishanganj,Bahadurganj,Duadangi
88.1539976432189,26.2933335898142,Kishanganj,Pothia,Dubanochi
88.1700989107169,26.3163606892091,Kishanganj,Pothia,Dubanochi
88.2313832729791,26.3131399027989,Kishanganj,Pothia,Dubanochi
88.0024830635959,26.1654211312466,Kishanganj,Kishanganj,Halamala
87.9143945391762,26.1153308162631,Kishanganj,Kishanganj,Halamala
86.8360761872123,25.6280334667499,Kishanganj,Kishanganj,Halamala
87.8561622029317,26.1409543196382,Kishanganj,Kochadhamin,Kuari
87.7409145357448,26.1436936734127,Kishanganj,Kochadhamin,Kuari
87.8448145612163,26.1344893118364,Kishanganj,Kochadhamin,Kuari
87.9763537918049,26.3801170988219,Kishanganj,Thakurganj,Kudurbaghi
88.000685433416,26.2464341269244,Kishanganj,Thakurganj,Kudurbaghi
87.9684022500602,26.3941815029443,Kishanganj,Thakurganj,Kudurbaghi
87.9235566874592,26.3383417660422,Kishanganj,Dighalbank,Mahamari
87.9327397013814,26.3266494334533,Kishanganj,Dighalbank,Mahamari
87.8260787750703,26.362139089409,Kishanganj,Dighalbank,Mahamari
87.7283955003728,26.2775135814334,Kishanganj,Terhagachh,Phulbari
87.7113303111311,26.3267542054883,Kishanganj,Terhagachh,Phulbari
87.6713504505391,26.3520502921928,Kishanganj,Terhagachh,Phulbari
85.9870271882116,25.0093916882571,Lakhisarai,Halsi,Bamuara
86.0655672863015,25.016468017175,Lakhisarai,Halsi,Bamuara
86.0243589754463,24.9858363051579,Lakhisarai,Halsi,Bamuara
86.0855454940133,25.2227965640614,Lakhisarai,Lakhisarai,Damodarpur
86.2364451278315,25.0267020192143,Lakhisarai,Lakhisarai,Damodarpur
86.0695908637939,25.100196420029,Lakhisarai,Lakhisarai,Damodarpur
85.9837205488287,25.2487785042862,Lakhisarai,Barahiya,Jaitpur
85.9574254545754,25.2413599248649,Lakhisarai,Barahiya,Jaitpur
86.0365472148435,25.3164542300345,Lakhisarai,Barahiya,Jaitpur
86.1826686527148,25.1897588586452,Lakhisarai,Pipariya,Ramchandrapur
86.1511381483993,25.2379256344661,Lakhisarai,Pipariya,Ramchandrapur
86.1960924157656,25.1744521646526,Lakhisarai,Pipariya,Ramchandrapur
86.3051991776275,25.2151940794934,Lakhisarai,Surajgarha,Rasulpur
86.2471834148488,25.1152274716254,Lakhisarai,Surajgarha,Rasulpur
86.3590645333961,25.2213317426831,Lakhisarai,Surajgarha,Rasulpur
86.089676232113,25.0465910165208,Lakhisarai,Ramgarh Chowk,garsanda
86.1251406427902,25.1024034068996,Lakhisarai,Ramgarh Chowk,garsanda
86.0235199526334,25.0881457867151,Lakhisarai,Ramgarh Chowk,garsanda
86.7702190398077,25.9471483267383,Madhepura,Madhepura,Barahi
86.7835870059386,25.9418933001183,Madhepura,Madhepura,Barahi
86.8567631422976,25.8982882806201,Madhepura,Madhepura,Barahi
87.0164709863748,25.9468455499288,Madhepura,Kumarkhand,Bishunpur Sundar
87.0327278777607,26.0088484011077,Madhepura,Kumarkhand,Bishunpur Sundar
86.9767106596972,25.954155534455,Madhepura,Kumarkhand,Bishunpur Sundar
86.8644983312905,25.5901801305743,Madhepura,Alamnagar,Bispatti
86.9074039001372,25.4832115902688,Madhepura,Alamnagar,Bispatti
86.906991944409,25.5548069811034,Madhepura,Alamnagar,Bispatti
86.6613384197227,26.0086122253985,Madhepura,Ghailarh,Chitti
86.6653345031492,25.934064193879,Madhepura,Ghailarh,Chitti
86.6299782395543,25.9860080000838,Madhepura,Ghailarh,Chitti
86.7280965983005,26.0037536162793,Madhepura,Gamharia,Daha
86.7431597430559,26.1012613700846,Madhepura,Gamharia,Daha
86.7207444570913,26.0277683699048,Madhepura,Gamharia,Daha
87.004722188377,25.8011618040206,Madhepura,Bihariganj,Kalhautia
86.971665095265,25.7112996976326,Madhepura,Bihariganj,Kalhautia
86.9974155304411,25.700489723758,Madhepura,Bihariganj,Kalhautia
86.8996138201925,25.7886316060927,Madhepura,Gwalpara,Kalotaha
86.9200492577398,25.8131023538585,Madhepura,Gwalpara,Kalotaha
86.8965536513632,25.79528035503,Madhepura,Gwalpara,Kalotaha
86.8567964743641,25.9960433092725,Madhepura,Shankarpur,Kamargaon  (Part in Singheshwar) **
86.8644511025469,26.0752813959099,Madhepura,Shankarpur,Kamargaon  (Part in Singheshwar) **
86.8210823596912,26.0995409423278,Madhepura,Shankarpur,Kamargaon  (Part in Singheshwar) **
86.8094570638234,26.0167408816665,Madhepura,Singheshwar,Kanhuan Goriari
86.798649319583,26.0817180598414,Madhepura,Singheshwar,Kanhuan Goriari
86.8173400255296,26.0836025189611,Madhepura,Singheshwar,Kanhuan Goriari
86.9926813429792,25.6008589178249,Madhepura,Puraini,Narda
86.9668800435762,25.6169188340255,Madhepura,Puraini,Narda
87.0085944584202,25.596243704902,Madhepura,Puraini,Narda
87.0341438288767,25.4993609032076,Madhepura,Chausa,Rasulpur Dhuria
83.875638267622,25.427952392834,Madhepura,Chausa,Rasulpur Dhuria
83.906365532429,25.4382066761015,Madhepura,Chausa,Rasulpur Dhuria
86.8994707478978,25.8837904415173,Madhepura,Murliganj,Tamautparsa
86.9736115324494,25.8407926764598,Madhepura,Murliganj,Tamautparsa
86.9533117113852,25.8322351771694,Madhepura,Murliganj,Tamautparsa
86.424667418096,26.3127385448542,Madhubani,Ghoghardiha,Barhampur
86.4728875017757,26.3060996747495,Madhubani,Ghoghardiha,Barhampur
86.5208739629252,26.233158890343,Madhubani,Ghoghardiha,Barhampur
86.5003206633618,26.3165821520977,Madhubani,Phulparas,Bathnaha
86.4258982306706,26.3334909055026,Madhubani,Phulparas,Bathnaha
86.4070578204601,26.3451766938099,Madhubani,Phulparas,Bathnaha
86.280073230219,26.1996550427928,Madhubani,Lakhnaur,Berma
86.3582756023061,26.193222781363,Madhubani,Lakhnaur,Berma
86.331482061226,26.1724039493818,Madhubani,Lakhnaur,Berma
86.1134561104655,26.484458661402,Madhubani,Khajauli,Bhakua
86.179594511961,26.5016154238288,Madhubani,Khajauli,Bhakua
86.2256974027861,26.4659892599553,Madhubani,Khajauli,Bhakua
86.2040818554202,26.4375187197664,Madhubani,Babubarhi,Bhatchaura
86.3012494551839,26.4838609837244,Madhubani,Babubarhi,Bhatchaura
86.3692136101814,26.4243816808894,Madhubani,Babubarhi,Bhatchaura
86.0609528129684,26.568702111844,Madhubani,Jainagar,Garha
86.1168215631845,26.5460673993228,Madhubani,Jainagar,Garha
86.0702278101936,26.5522207134868,Madhubani,Jainagar,Garha
86.3696183005017,26.3814710192974,Madhubani,Andhratharhi,Gonauli
86.3221967474683,26.319140681156,Madhubani,Andhratharhi,Gonauli
86.2776920046284,26.3325202125221,Madhubani,Andhratharhi,Gonauli
86.674276910592,26.439250911516,Madhubani,Laukahi,Harbhanga
86.5798491735802,26.448080936929,Madhubani,Laukahi,Harbhanga
86.5414020229519,26.4765318539438,Madhubani,Laukahi,Harbhanga
86.0027491195773,26.5885445608216,Madhubani,Harlakhi,Harlakhi
85.9838317188247,26.6236273973004,Madhubani,Harlakhi,Harlakhi
85.9195754348513,26.5219377868885,Madhubani,Harlakhi,Harlakhi
86.2481440157326,26.5315639375539,Madhubani,Ladania,Lachhminia
86.3336331196176,26.5391089809928,Madhubani,Ladania,Lachhminia
86.310896130902,26.5297158097692,Madhubani,Ladania,Lachhminia
86.4946957302244,26.5135611834327,Madhubani,Laukaha,Lalmunia Munhara
86.5029141164107,26.4583123536817,Madhubani,Laukaha,Lalmunia Munhara
86.3983178246522,26.5308551129695,Madhubani,Laukaha,Lalmunia Munhara
85.8874633636247,26.5386729227341,Madhubani,Madhwapur,Madhwapur
85.8353116657337,26.4890108889798,Madhubani,Madhwapur,Madhwapur
85.8461370641284,26.4947409181667,Madhubani,Madhwapur,Madhwapur
85.9817435946218,26.5464786254825,Madhubani,Basopatti,Mahinathpur
86.0030823933958,26.5438577508499,Madhubani,Basopatti,Mahinathpur
86.067565360044,26.5199002464604,Madhubani,Basopatti,Mahinathpur
85.9486308330574,26.4644574063406,Madhubani,Benipatti,Manpaur
85.9424944817401,26.4833127743,Madhubani,Benipatti,Manpaur
85.9332866383779,26.4594344543674,Madhubani,Benipatti,Manpaur
86.4450746863522,26.1118282138512,Madhubani,Madhepur,Matras
86.4010765343794,26.0698041945828,Madhubani,Madhepur,Matras
86.4236549525373,26.2212580989304,Madhubani,Madhepur,Matras
86.1428737598708,26.3073414713783,Madhubani,Pandaul,Mohanpur
86.0930539008216,26.3169972415616,Madhubani,Pandaul,Mohanpur
86.031167603803,26.2153688886509,Madhubani,Pandaul,Mohanpur
86.1014998935395,26.4810100991675,Madhubani,Kaluahi,Nararh (Part in Khajauli)
86.0720327746444,26.4604570223197,Madhubani,Kaluahi,Nararh (Part in Khajauli)
86.0955634047464,26.4874629213299,Madhubani,Kaluahi,Nararh (Part in Khajauli)
86.1986409845251,26.3999412951568,Madhubani,Rajnagar,Patpara
86.1842172019072,26.4303531145306,Madhubani,Rajnagar,Patpara
86.1247422910273,26.3462701911233,Madhubani,Rajnagar,Patpara
85.9445907482784,26.3475027346972,Madhubani,Bisfi,Raghepura
85.8354402160334,26.3689474225562,Madhubani,Bisfi,Raghepura
85.9664873287532,26.33694400952,Madhubani,Bisfi,Raghepura
86.3059780658641,26.250485572532,Madhubani,Jhanjharpur,Walipur
86.2486790256552,26.2353200814884,Madhubani,Jhanjharpur,Walipur
86.2695396352474,26.3304816760076,Madhubani,Jhanjharpur,Walipur
86.670823268971,25.2532886648369,Munger,Bariarpur,Binda Diara
86.5315044527163,25.2992917605178,Munger,Bariarpur,Binda Diara
86.6378419132974,25.2339359763339,Munger,Bariarpur,Binda Diara
86.6728866623779,25.1541087335311,Munger,Asarganj,Dholphari Mal
86.651374559889,25.1676505392901,Munger,Asarganj,Dholphari Mal
86.6296822269681,25.161782044964,Munger,Asarganj,Dholphari Mal
86.461663404805,25.3188425928112,Munger,Jamalpur,Hiro Diara
86.5234166570416,25.3245618540889,Munger,Jamalpur,Hiro Diara
86.4460258073249,25.3146395129074,Munger,Jamalpur,Hiro Diara
86.4914900717241,25.1561674479771,Munger,Kharagpur,Sagrampur
86.4290212114188,25.0838408993632,Munger,Kharagpur,Sagrampur
86.5589884905497,25.0902582845264,Munger,Kharagpur,Sagrampur
86.6665452051456,25.1330965732173,Munger,Tarapur,Sanrhi
86.6827069842998,25.125113937352,Munger,Tarapur,Sanrhi
86.6610144857989,25.1147292876065,Munger,Tarapur,Sanrhi
86.4098868205191,25.2447853129541,Munger,Dharhara,Shibkund
86.4038520347169,25.1889643638114,Munger,Dharhara,Shibkund
86.4393855840922,25.2847247112212,Munger,Dharhara,Shibkund
86.5842885805299,25.0799116796197,Munger,Tetiha Bambor,Tajpur
86.5957143087648,25.0853207507546,Munger,Tetiha Bambor,Tajpur
86.5449005104703,25.0513751049723,Munger,Tetiha Bambor,Tajpur
86.5800136066222,25.3831463975431,Munger,Munger,Tikarampur
86.4190537765541,25.3696122277347,Munger,Munger,Tikarampur
86.5261828081622,25.4177267063871,Munger,Munger,Tikarampur
85.0542736753377,26.1929341905763,Muzaffarpur,Baruraj (Motipur),Bangra Firoz
85.1273786036866,26.2611724114439,Muzaffarpur,Baruraj (Motipur),Bangra Firoz
85.0443350026525,26.286890837178,Muzaffarpur,Baruraj (Motipur),Bangra Firoz
85.0112853507617,26.3177326847119,Muzaffarpur,Sahebganj,Basantpur Chainpur
84.9466602714812,26.2052730091951,Muzaffarpur,Sahebganj,Basantpur Chainpur
84.9776458102889,26.322114683355,Muzaffarpur,Sahebganj,Basantpur Chainpur
85.3543023141498,26.0465048876545,Muzaffarpur,Kurhani,Bazidpur Kodaria
85.3189014985701,25.9484941551998,Muzaffarpur,Kurhani,Bazidpur Kodaria
85.3146646588374,26.0119412707475,Muzaffarpur,Kurhani,Bazidpur Kodaria
85.5878638975125,26.0154328117705,Muzaffarpur,Dholi (Moraul),Bhataulia
85.5473662620628,26.027017961584,Muzaffarpur,Dholi (Moraul),Bhataulia
85.5542474181758,26.0294007151524,Muzaffarpur,Dholi (Moraul),Bhataulia
85.1733478567529,26.177430695956,Muzaffarpur,Kanti,Birpur
85.3815304211348,26.1716957957746,Muzaffarpur,Kanti,Birpur
85.3656417715638,26.2131429364961,Muzaffarpur,Kanti,Birpur
85.0200891537604,26.1400984372109,Muzaffarpur,Paroo,Deoria
85.0230968769567,26.1995867944872,Muzaffarpur,Paroo,Deoria
85.0030673173833,26.1499981337845,Muzaffarpur,Paroo,Deoria
85.3023077690622,26.1233054794233,Muzaffarpur,Marwan,Gopalpur
85.3094083480464,26.1078384516675,Muzaffarpur,Marwan,Gopalpur
85.1907407908743,26.1541333756628,Muzaffarpur,Marwan,Gopalpur
85.5934041125358,25.943756661455,Muzaffarpur,Sakra,Harpur Kishuni
85.5044993148068,25.9987321769579,Muzaffarpur,Sakra,Harpur Kishuni
85.4703492722815,25.9754808789091,Muzaffarpur,Sakra,Harpur Kishuni
85.6954452831434,26.1804994561778,Muzaffarpur,Katra,Jajuara
85.5894340098297,26.2398665171688,Muzaffarpur,Katra,Jajuara
85.6632880567084,26.2426446840464,Muzaffarpur,Katra,Jajuara
85.4394851153645,26.1251301085753,Muzaffarpur,Musahari,Jamalabad
85.4749999918507,26.0597753573129,Muzaffarpur,Musahari,Jamalabad
85.4322558037939,26.1005323383774,Muzaffarpur,Musahari,Jamalabad
85.7293870668069,26.1231938335841,Muzaffarpur,Gaighat,Manipur Dahila
85.5816212189641,26.1317666806642,Muzaffarpur,Gaighat,Manipur Dahila
85.5886012640912,26.1852847125479,Muzaffarpur,Gaighat,Manipur Dahila
85.4502500081692,26.1592122061088,Muzaffarpur,Bochaha,Narma
85.5228448759644,26.1120380874979,Muzaffarpur,Bochaha,Narma
85.5260339978127,26.062282856886,Muzaffarpur,Bochaha,Narma
85.6151669896143,26.0828647606983,Muzaffarpur,Bandra,Nonphara
85.6061057896406,26.0072518606677,Muzaffarpur,Bandra,Nonphara
85.5454722460433,26.0571679493862,Muzaffarpur,Bandra,Nonphara
85.328566469127,26.3103867585092,Muzaffarpur,Minapur,Paigambarpur
85.3446857316353,26.3244041794131,Muzaffarpur,Minapur,Paigambarpur
85.2845420649113,26.3220544654022,Muzaffarpur,Minapur,Paigambarpur
85.4898213909256,26.2630287084192,Muzaffarpur,Aurai,Raj Khand
85.563784322086,26.3688145861959,Muzaffarpur,Aurai,Raj Khand
85.5302673349808,26.3603812577254,Muzaffarpur,Aurai,Raj Khand
85.177582676643,26.0721838302764,Muzaffarpur,Saraiya,Til Bihta
85.0945636730918,26.000714945624,Muzaffarpur,Saraiya,Til Bihta
85.1752497881755,26.1007010391655,Muzaffarpur,Saraiya,Til Bihta
85.3738135346622,25.125661045199,Nalanda,Ben,Arawan
85.3721587221005,25.1156622780956,Nalanda,Ben,Arawan
85.333505462243,25.1773570346601,Nalanda,Ben,Arawan
85.4498943742637,24.9863840918114,Nalanda,Rajgir,Bhui
85.3847833282898,25.0159007687866,Nalanda,Rajgir,Bhui
85.3578631054137,25.0360923400847,Nalanda,Rajgir,Bhui
85.5486351229075,25.1069125607274,Nalanda,Bihar,Bihar
85.631826541871,25.1301305316301,Nalanda,Bihar,Bihar
85.5623567318154,25.1557970241141,Nalanda,Bihar,Bihar
85.2535396974692,25.1727214945759,Nalanda,Islampur,Biswak
85.2967208970927,25.1311453298118,Nalanda,Islampur,Biswak
85.2567726407475,25.1257939714672,Nalanda,Islampur,Biswak
85.6746144777024,25.1689307824394,Nalanda,Asthawan,Chhachhu Bigha
85.6410849672973,25.2071894780182,Nalanda,Asthawan,Chhachhu Bigha
85.6398559848454,25.2318905842844,Nalanda,Asthawan,Chhachhu Bigha
85.3392151281182,25.366159094457,Nalanda,Nagar Nausa,Chiraiya Deal
85.3777534496594,25.4248486694273,Nalanda,Nagar Nausa,Chiraiya Deal
85.420257147216,25.4305244333296,Nalanda,Nagar Nausa,Chiraiya Deal
85.5879507230663,25.0869791458639,Nalanda,Giriak,Chorsua
85.5280849583924,25.0958619883996,Nalanda,Giriak,Chorsua
85.549528114587,25.0018758726975,Nalanda,Giriak,Chorsua
85.204166177316,25.3236632119689,Nalanda,Hilsa,Ghosi
85.2320337937269,25.2927427879396,Nalanda,Hilsa,Ghosi
85.2575289189301,25.280282225606,Nalanda,Hilsa,Ghosi
85.353065289651,25.2790104707615,Nalanda,Tharthari,Jaitpur
85.4074935564528,25.2624012840598,Nalanda,Tharthari,Jaitpur
85.3707749939307,25.3063681355602,Nalanda,Tharthari,Jaitpur
85.2265308540551,25.3876035240828,Nalanda,Karai Parsurai,Kandhauli
85.1843857222289,25.3965517841913,Nalanda,Karai Parsurai,Kandhauli
85.1849281567836,25.397762875541,Nalanda,Karai Parsurai,Kandhauli
85.4352092955966,25.215568849148,Nalanda,Noorsarai,Kashmiri Chak
85.4912269109023,25.3154789848822,Nalanda,Noorsarai,Kashmiri Chak
85.4879385269985,25.2493836056998,Nalanda,Noorsarai,Kashmiri Chak
85.4604695341226,25.1180174599596,Nalanda,Silao,Lodipur
85.5112729676283,25.0755371565604,Nalanda,Silao,Lodipur
85.409526872586,25.1416865920261,Nalanda,Silao,Lodipur
85.6245736311221,25.0816064048076,Nalanda,Katrisarai,Maira Barith
85.6135302327825,25.0451933766551,Nalanda,Katrisarai,Maira Barith
85.6432253070782,25.0836910122144,Nalanda,Katrisarai,Maira Barith
85.8055876013751,25.2888865001474,Nalanda,Sarmera,Malawan
85.780526415372,25.3037922190181,Nalanda,Sarmera,Malawan
85.7593022434699,25.3024058805702,Nalanda,Sarmera,Malawan
85.2243574781394,25.262576658423,Nalanda,Ekangarsarai,Mandachh
85.1610603164336,25.170809108668,Nalanda,Ekangarsarai,Mandachh
85.2134906776157,25.2495770476281,Nalanda,Ekangarsarai,Mandachh
85.604114793294,25.3466529905434,Nalanda,Harnaut,Mustafapur
85.5555724589017,25.3536917558266,Nalanda,Harnaut,Mustafapur
85.4849988006624,25.4318238443059,Nalanda,Harnaut,Mustafapur
85.661934549461,25.328938963653,Nalanda,Bind,Rajupur
85.7202715659541,25.3372500283168,Nalanda,Bind,Rajupur
85.6572705070099,25.3010302195902,Nalanda,Bind,Rajupur
85.4414122213285,25.3186358949967,Nalanda,Chandi,Senduara
85.4332268786455,25.3156475357976,Nalanda,Chandi,Senduara
85.4654878242292,25.3723947126339,Nalanda,Chandi,Senduara
85.316809077999,25.227967417881,Nalanda,Parbalpur,Tara Bigha
85.3057318902632,25.2309929348432,Nalanda,Parbalpur,Tara Bigha
85.3501961573824,25.243458116576,Nalanda,Parbalpur,Tara Bigha
85.5518131366224,25.2350774318357,Nalanda,Rahui,Wena
85.5479191317155,25.2833506388395,Nalanda,Rahui,Wena
85.6011691483831,25.3133975443147,Nalanda,Rahui,Wena
85.4394793905336,24.7984044396158,Nawada,Narhat,Babhnaur
85.4537440815638,24.7953427308326,Nawada,Narhat,Babhnaur
85.4071552028904,24.8166757420827,Nawada,Narhat,Babhnaur
85.6241772495908,24.9556541386179,Nawada,Warisaliganj,Bali
85.6448058835617,24.9491590799124,Nawada,Warisaliganj,Bali
85.6366861342746,25.0383662229203,Nawada,Warisaliganj,Bali
85.9700113596489,24.8004746130271,Nawada,Kawakol,Darawan
85.875126765391,24.9277197998061,Nawada,Kawakol,Darawan
85.9668213200576,24.7956312557689,Nawada,Kawakol,Darawan
85.3507577607457,24.6267816044207,Nawada,Sirdala,Fatehpur
85.4359496308192,24.6803706015612,Nawada,Sirdala,Fatehpur
85.4763424515644,24.6671068646957,Nawada,Sirdala,Fatehpur
85.7130844563648,24.8171940830021,Nawada,Roh,Jalalpur
85.7465613801182,24.8478926756172,Nawada,Roh,Jalalpur
85.5897520671172,24.8822964041102,Nawada,Roh,Jalalpur
85.5788616676327,24.638783604576,Nawada,Rajauli,Kairikhap
85.5323017977918,24.669973418844,Nawada,Rajauli,Kairikhap
85.3958639118137,24.5460593342859,Nawada,Rajauli,Kairikhap
85.5797118516843,24.7912050810094,Nawada,Akbarpur,Mastanganj
85.5835583251619,24.7754144724467,Nawada,Akbarpur,Mastanganj
85.5820662798513,24.8145854293837,Nawada,Akbarpur,Mastanganj
85.4333512322216,24.9341285231173,Nawada,Nardiganj,Mutanaze
85.4851998799684,24.9612909989409,Nawada,Nardiganj,Mutanaze
85.4285293929909,24.9627423120522,Nawada,Nardiganj,Mutanaze
85.4718099142505,24.8856772618034,Nawada,Hisua,Pacharha
85.3432384028506,24.8082971238904,Nawada,Hisua,Pacharha
85.4759368710501,24.8567501633705,Nawada,Hisua,Pacharha
85.4962388445233,24.9732287486912,Nawada,Nawada,Pakaria
85.4875973984945,24.9122057505072,Nawada,Nawada,Pakaria
85.6211650376745,24.9148711678454,Nawada,Nawada,Pakaria
85.3858166418665,24.8099672268472,Nawada,Meskaur,Repura Sirsa
85.2974399144376,24.7671861207826,Nawada,Meskaur,Repura Sirsa
85.3490281798218,24.7538917604611,Nawada,Meskaur,Repura Sirsa
85.666810072945,25.0790091329853,Nawada,Kashi Chak,Sagaman
85.7379160595605,25.017899176717,Nawada,Kashi Chak,Sagaman
85.7687964202943,25.0945604337467,Nawada,Kashi Chak,Sagaman
85.6353991419811,24.697048730482,Nawada,Gobindpur,Sarkanda
85.6044877388202,24.7128249632108,Nawada,Gobindpur,Sarkanda
85.628957723526,24.7789873098951,Nawada,Gobindpur,Sarkanda
85.7349672539631,24.8781829113653,Nawada,Pakribarawan,Thalpos
85.7068539184524,24.9584005387594,Nawada,Pakribarawan,Thalpos
85.7662473154334,24.9630108034693,Nawada,Pakribarawan,Thalpos
84.4101102018016,26.9290005535864,Pashchim Champaran,Jogapatti,Barwa (Sani)
84.3466065458011,26.8396124145363,Pashchim Champaran,Jogapatti,Barwa (Sani)
84.366020324145,26.8907442046062,Pashchim Champaran,Jogapatti,Barwa (Sani)
84.2195066323268,27.1877810036429,Pashchim Champaran,Sidhaw,Bhaisalotan
83.9756573278618,27.2617660412792,Pashchim Champaran,Sidhaw,Bhaisalotan
83.9810743805756,27.2470474959514,Pashchim Champaran,Sidhaw,Bhaisalotan
84.6696530165118,26.9858170856459,Pashchim Champaran,Sikta,Bhaunara
84.6417785415224,26.9926905633861,Pashchim Champaran,Sikta,Bhaunara
84.71164622046,26.9946184843334,Pashchim Champaran,Sikta,Bhaunara
84.404377771017,27.0505531626751,Pashchim Champaran,Lauriya,Gawnaha
84.3772580799918,27.0523161179767,Pashchim Champaran,Lauriya,Gawnaha
84.4134414041909,26.9446742706114,Pashchim Champaran,Lauriya,Gawnaha
84.2241084589904,26.9548333658303,Pashchim Champaran,Bhitaha,Karhia Basauli
84.1530562977751,26.8657158553386,Pashchim Champaran,Bhitaha,Karhia Basauli
84.2149427904215,26.9611866816627,Pashchim Champaran,Bhitaha,Karhia Basauli
84.5245946394454,27.3076655180162,Pashchim Champaran,Gaunaha,Kataha
84.4079584383337,27.2332329520537,Pashchim Champaran,Gaunaha,Kataha
84.5091781612469,27.2395947171001,Pashchim Champaran,Gaunaha,Kataha
84.2424983973528,26.8698106376629,Pashchim Champaran,Thakrahan,Madarahi
84.2622813369088,26.8878767849228,Pashchim Champaran,Thakrahan,Madarahi
84.3312398093624,26.8202079575435,Pashchim Champaran,Thakrahan,Madarahi
84.6397582776565,27.1646584161631,Pashchim Champaran,Mainatanr,Manpur
84.6507916766301,27.0887029405283,Pashchim Champaran,Mainatanr,Manpur
84.6250350946258,27.2005058489239,Pashchim Champaran,Mainatanr,Manpur
84.5515035046877,26.8730750852835,Pashchim Champaran,Chanpatia,Musahri
84.4986774463863,26.9260546912207,Pashchim Champaran,Chanpatia,Musahri
84.5833844661711,26.9497048233583,Pashchim Champaran,Chanpatia,Musahri
84.302680128638,27.177848436753,Pashchim Champaran,Ramnagar,Naurangia
84.3483496015145,27.1741381812034,Pashchim Champaran,Ramnagar,Naurangia
84.2493063070698,27.1688908409041,Pashchim Champaran,Ramnagar,Naurangia
84.3648624962947,26.7667607225569,Pashchim Champaran,Bairia,Patjirwa
84.3858053473882,26.8164464536182,Pashchim Champaran,Bairia,Patjirwa
84.3867033490957,26.6929659354057,Pashchim Champaran,Bairia,Patjirwa
84.6178813898206,26.7778184577396,Pashchim Champaran,Majhaulia,Ratanmala
84.7067581000428,26.8293389314965,Pashchim Champaran,Majhaulia,Ratanmala
84.6121128946061,26.71700280941,Pashchim Champaran,Majhaulia,Ratanmala
84.1380833391746,27.0674564240019,Pashchim Champaran,Bagaha,Sahsaram
84.2428939252267,27.0621344454952,Pashchim Champaran,Bagaha,Sahsaram
84.181577655693,27.0897911972174,Pashchim Champaran,Bagaha,Sahsaram
84.0179653287179,27.0621985459696,Pashchim Champaran,Piprasi,Semralabedaha
83.9850660419786,27.1634269114257,Pashchim Champaran,Piprasi,Semralabedaha
84.0048260665939,27.1509770122689,Pashchim Champaran,Piprasi,Semralabedaha
84.0842219357414,26.9604563110422,Pashchim Champaran,Madhubani,Sohgi Barwa
84.0805255676368,26.9090360935647,Pashchim Champaran,Madhubani,Sohgi Barwa
84.109597856147,26.9699887614703,Pashchim Champaran,Madhubani,Sohgi Barwa
84.579111795514,26.776991197366,Pashchim Champaran,Bettiah,Tola Chhawni
84.5624637586055,26.7665312458931,Pashchim Champaran,Bettiah,Tola Chhawni
84.5800053705535,26.7532988398814,Pashchim Champaran,Bettiah,Tola Chhawni
84.448040218203,27.1195567852645,Pashchim Champaran,Narkatiaganj,Tola Pararia
84.4789024708974,27.0854403455605,Pashchim Champaran,Narkatiaganj,Tola Pararia
84.5263102342479,27.0754165121288,Pashchim Champaran,Narkatiaganj,Tola Pararia
84.4999092130325,26.7432934994283,Pashchim Champaran,Nautan,Tola Parbatia
84.1860363951257,26.364726872126,Pashchim Champaran,Nautan,Tola Parbatia
84.209545381316,26.326645203451,Pashchim Champaran,Nautan,Tola Parbatia
84.7827166856832,25.5355980091689,Patna,Bihta,Anandpur
84.9195346256579,25.5987589392194,Patna,Bihta,Anandpur
84.8281324228899,25.5714322194133,Patna,Bihta,Anandpur
84.968511864323,25.4995536697004,Patna,Naubatpur,Babupur
84.9730547174317,25.5116498468964,Patna,Naubatpur,Babupur
84.9277698890068,25.4638456112662,Patna,Naubatpur,Babupur
84.8655914870408,25.6773246606953,Patna,Maner,Baghi
84.8565639630066,25.7080925667066,Patna,Maner,Baghi
84.8804941445832,25.7040008284496,Patna,Maner,Baghi
84.9172157396278,25.4436737115253,Patna,Bikram,Baliari
84.9141730129874,25.457569057819,Patna,Bikram,Baliari
84.8285515588602,25.485426556456,Patna,Bikram,Baliari
85.2874117303011,25.4060681017824,Patna,Daniawan,Dost Muhammadpur
85.2827093109311,25.4456615662239,Patna,Daniawan,Dost Muhammadpur
85.3369950838471,25.4084397971442,Patna,Daniawan,Dost Muhammadpur
84.832687382254,25.2595501263429,Patna,Paliganj,Jalpura
84.8868609185047,25.3067130962058,Patna,Paliganj,Jalpura
84.8960385500032,25.2807768621897,Patna,Paliganj,Jalpura
85.9749102740142,25.3947965861997,Patna,Mokameh,Jazira Mekra
85.9767612208967,25.345441015957,Patna,Mokameh,Jazira Mekra
85.9655176315224,25.3442983970145,Patna,Mokameh,Jazira Mekra
85.8442899527593,25.4960101123142,Patna,Pandarak,Jazira Raili
85.7666320415283,25.3940254531213,Patna,Pandarak,Jazira Raili
85.8265981506091,25.4085576313073,Patna,Pandarak,Jazira Raili
85.2571727141364,25.4672030847444,Patna,Fatwah,Jethuli
85.259591878465,25.4983155250132,Patna,Fatwah,Jethuli
85.3227596633833,25.4937218424029,Patna,Fatwah,Jethuli
84.8422891323729,25.3759733915772,Patna,Dulhin Bazar,Kab
84.8855499648957,25.353339490025,Patna,Dulhin Bazar,Kab
84.7962530584726,25.4006250305557,Patna,Dulhin Bazar,Kab
85.5942712708701,25.4019985513343,Patna,Bakhtiarpur,Kala Diara
85.5924344008901,25.3935138438832,Patna,Bakhtiarpur,Kala Diara
85.4226068247768,25.4598162671862,Patna,Bakhtiarpur,Kala Diara
84.9715121494708,25.3780004471997,Patna,Masaurhi,Karai
85.0524181167496,25.3870686217444,Patna,Masaurhi,Karai
84.9587145875146,25.3951589617321,Patna,Masaurhi,Karai
85.1696974029254,25.3257343473729,Patna,Dhanarua,Kashinagar
85.0988356834447,25.4209231964932,Patna,Dhanarua,Kashinagar
85.0791026101789,25.3363714397599,Patna,Dhanarua,Kashinagar
85.1936443685045,25.6103131536489,Patna,Patna Rural,Khas Mahal Digha Diara
85.1967101367276,25.579521488954,Patna,Patna Rural,Khas Mahal Digha Diara
85.1722645785252,25.6229200291647,Patna,Patna Rural,Khas Mahal Digha Diara
85.388261069168,25.4848565379401,Patna,Khusrupur,Khirodharpur
85.3818562440855,25.4877977366876,Patna,Khusrupur,Khirodharpur
85.3474882148564,25.4728780906197,Patna,Khusrupur,Khirodharpur
85.0809645533432,25.4986262742557,Patna,Punpun,Lakhanpur
85.0475113154783,25.4456082097678,Patna,Punpun,Lakhanpur
85.1853428236661,25.4648049493713,Patna,Punpun,Lakhanpur
85.6468526785329,25.3856954549666,Patna,Belchhi,Mankaura
85.6365974420444,25.3857995987792,Patna,Belchhi,Mankaura
85.6451179209966,25.4047404646563,Patna,Belchhi,Mankaura
85.8557854398004,25.3603031015698,Patna,Ghoswari,Mor (Part in Mokameh)
85.899494723562,25.3062346708532,Patna,Ghoswari,Mor (Part in Mokameh)
85.8795982319244,25.370454584751,Patna,Ghoswari,Mor (Part in Mokameh)
85.1553279118644,25.4874661824959,Patna,Sampatchak,Patna
85.1963618829212,25.4944181769909,Patna,Sampatchak,Patna
85.1613304834476,25.5265291445256,Patna,Sampatchak,Patna
85.1337127704191,25.5640940170465,Patna,Phulwari,Phulwari Sharif
85.0722873369922,25.5092928893418,Patna,Phulwari,Phulwari Sharif
85.1019646884685,25.5378707329863,Patna,Phulwari,Phulwari Sharif
85.5095487586219,25.4711429958084,Patna,Athmalgola,Ramnagar Diara(Part in Athmalgola)
85.563791852321,25.4243126965804,Patna,Athmalgola,Ramnagar Diara(Part in Athmalgola)
85.6294226201573,25.4162818721819,Patna,Athmalgola,Ramnagar Diara(Part in Athmalgola)
85.0389609737669,25.6507488398963,Patna,Dinapur-Cum-Khagaul,Shankarpatti
85.0200893311062,25.6744146339055,Patna,Dinapur-Cum-Khagaul,Shankarpatti
85.0416260522472,25.5652792670046,Patna,Dinapur-Cum-Khagaul,Shankarpatti
85.7144536277625,25.4255770415509,Patna,Barh,Unsurveyed
85.7669570072049,25.436642480393,Patna,Barh,Unsurveyed
85.7182221353357,25.4587956951231,Patna,Barh,Unsurveyed
84.5792959965314,26.5845211717996,Purba Champaran,Paharpur,Baluwa
84.5641849046267,26.5812124316199,Purba Champaran,Paharpur,Baluwa
84.6030839490144,26.6106321615367,Purba Champaran,Paharpur,Baluwa
84.8338292467133,26.6550579235976,Purba Champaran,Turkaulia,Belwa Ray Khas
84.8113772286226,26.6909715958761,Purba Champaran,Turkaulia,Belwa Ray Khas
84.873748079961,26.6214166068356,Purba Champaran,Turkaulia,Belwa Ray Khas
84.8067575820965,26.9405637725831,Purba Champaran,Raxaul,Bharatmahi
84.8463290772654,26.9584923425881,Purba Champaran,Raxaul,Bharatmahi
84.7361873240046,26.9259084202461,Purba Champaran,Raxaul,Bharatmahi
85.0362604430155,26.8345813287581,Purba Champaran,Bankatwa,Bijbani
85.0323441623397,26.8520940326181,Purba Champaran,Bankatwa,Bijbani
85.0373676572054,26.7775900420192,Purba Champaran,Bankatwa,Bijbani
84.7752896903699,26.7713664819907,Purba Champaran,Sugauli,Chainpur
84.8230214644026,26.7464104197448,Purba Champaran,Sugauli,Chainpur
84.7995073039254,26.7100908236081,Purba Champaran,Sugauli,Chainpur
84.5524409301999,26.5064964868712,Purba Champaran,Areraj,Chatia
84.6281365838915,26.5618601276088,Purba Champaran,Areraj,Chatia
84.5459826337014,26.5089674297938,Purba Champaran,Areraj,Chatia
85.127470284931,26.5483214591731,Purba Champaran,Pakri Dayal,Dhanauji
85.1480775245357,26.4985031506045,Purba Champaran,Pakri Dayal,Dhanauji
85.1259749424773,26.5576702849113,Purba Champaran,Pakri Dayal,Dhanauji
85.2496320301574,26.3581402181476,Purba Champaran,Tetaria,Dhobwalia
85.1792790472981,26.3803052332807,Purba Champaran,Tetaria,Dhobwalia
85.1881870861634,26.4168695290479,Purba Champaran,Tetaria,Dhobwalia
85.1223526133806,26.7030214718549,Purba Champaran,Chiraia,Dipahi Dharharwa
85.1292490746568,26.6590238228015,Purba Champaran,Chiraia,Dipahi Dharharwa
85.0444390773324,26.6762253555958,Purba Champaran,Chiraia,Dipahi Dharharwa
85.1120679918392,26.4208348447145,Purba Champaran,Madhuban,Dulhuma
85.1590916193962,26.4293835478476,Purba Champaran,Madhuban,Dulhuma
85.1715118863942,26.4195279896509,Purba Champaran,Madhuban,Dulhuma
84.9407623837604,26.5376448456621,Purba Champaran,Piprakothi,Gobindapur
84.8868703017005,26.5420807558285,Purba Champaran,Piprakothi,Gobindapur
84.9479360442858,26.5492960198294,Purba Champaran,Piprakothi,Gobindapur
85.1140424585916,26.7750044791298,Purba Champaran,Ghorasahan,Jharokhar
85.0891596362147,26.8131584645174,Purba Champaran,Ghorasahan,Jharokhar
85.139280515059,26.7895448306673,Purba Champaran,Ghorasahan,Jharokhar
84.9049680178311,26.7928455387042,Purba Champaran,Motihari,Jhit Kahiya
85.0474977314512,26.6178719461092,Purba Champaran,Motihari,Jhit Kahiya
85.0122438903713,26.6161603772473,Purba Champaran,Motihari,Jhit Kahiya
84.8633903789804,26.4070718968278,Purba Champaran,Kalyanpur,Katharia
84.8891119511399,26.4435084233627,Purba Champaran,Kalyanpur,Katharia
85.7788838070668,25.9477961076861,Purba Champaran,Kalyanpur,Katharia
85.0234107294739,26.4935986867893,Purba Champaran,Chakia(Pipra),Khairi Mal
85.0069200567024,26.5463503057091,Purba Champaran,Chakia(Pipra),Khairi Mal
85.082586194542,26.3941469310504,Purba Champaran,Chakia(Pipra),Khairi Mal
85.2401244008625,26.677143558044,Purba Champaran,Dhaka,Kharhua Chainpur
85.2196901281997,26.6412435795429,Purba Champaran,Dhaka,Kharhua Chainpur
85.1931270670749,26.6274842113492,Purba Champaran,Dhaka,Kharhua Chainpur
84.6910370814461,26.6599342919082,Purba Champaran,Harsidhi,Kubeya
84.7307987089446,26.5903604849384,Purba Champaran,Harsidhi,Kubeya
84.7419972229682,26.6372024810103,Purba Champaran,Harsidhi,Kubeya
84.7224499411733,26.5151201981552,Purba Champaran,Sangrampur,Madhubani
84.7069908600847,26.4445845022657,Purba Champaran,Sangrampur,Madhubani
84.6816061254023,26.4622652071228,Purba Champaran,Sangrampur,Madhubani
85.2705798306037,26.6175306908926,Purba Champaran,Patahi,Mohammadpur
85.1709858848811,26.5834364612955,Purba Champaran,Patahi,Mohammadpur
85.1337826941253,26.5914582222742,Purba Champaran,Patahi,Mohammadpur
84.8217621501943,26.5146978951195,Purba Champaran,Kotwa,Nawada
84.8386611370194,26.460620187122,Purba Champaran,Kotwa,Nawada
84.8890045034774,26.5262045439422,Purba Champaran,Kotwa,Nawada
84.9339983680233,26.8512472605868,Purba Champaran,Narkatia,Parsa
84.9324852023641,26.7948091569488,Purba Champaran,Narkatia,Parsa
84.9641516455096,26.8118349323804,Purba Champaran,Narkatia,Parsa
84.8250225754606,26.7025942267589,Purba Champaran,Banjaria,Phulwar
84.8146750043415,26.7127011495117,Purba Champaran,Banjaria,Phulwar
84.8611740725972,26.7912085365067,Purba Champaran,Banjaria,Phulwar
84.7796285723069,26.8290443721003,Purba Champaran,Ramgarhwa,Pokhariya
84.7633738483638,26.8990235329647,Purba Champaran,Ramgarhwa,Pokhariya
84.7472234937636,26.8769114781111,Purba Champaran,Ramgarhwa,Pokhariya
85.1498403422027,26.4912153221645,Purba Champaran,Phenhara,Ratanwa
85.1894676149106,26.512256022157,Purba Champaran,Phenhara,Ratanwa
85.1579542129086,26.5110646480905,Purba Champaran,Phenhara,Ratanwa
85.1137273724813,26.3506726974166,Purba Champaran,Mehsi,Saraiya Banwari
85.1607003538733,26.3289238326167,Purba Champaran,Mehsi,Saraiya Banwari
85.0847010802465,26.3481787126612,Purba Champaran,Mehsi,Saraiya Banwari
84.783724247015,26.396023490112,Purba Champaran,Kesaria,Sarotar
84.7654471485474,26.3715004353602,Purba Champaran,Kesaria,Sarotar
84.7949586505596,26.3833117873096,Purba Champaran,Kesaria,Sarotar
84.9216678917405,26.8848991330462,Purba Champaran,Adapur,Sirsiya
84.9498937080741,26.9396520409048,Purba Champaran,Adapur,Sirsiya
84.9115986371331,26.9239803239081,Purba Champaran,Adapur,Sirsiya
87.1172689230795,25.5888756901395,Purnia,Rupauli,Bela Parsadi
87.0968937453469,25.4570319276111,Purnia,Rupauli,Bela Parsadi
87.1591113985749,25.466564668942,Purnia,Rupauli,Bela Parsadi
87.7287140043179,25.9791776759864,Purnia,Amour,Dolmalpur
87.6784405576209,26.0057693022979,Purnia,Amour,Dolmalpur
87.7343901824655,26.0433998676497,Purnia,Amour,Dolmalpur
87.5231610075489,25.9271316187448,Purnia,Jalalgarh,Ekamba
87.5445055531274,25.9219976040045,Purnia,Jalalgarh,Ekamba
87.4729284624283,25.9558959928148,Purnia,Jalalgarh,Ekamba
87.7823818623701,26.0444927855077,Purnia,Baisa,Hingu
87.7364066195863,26.0642011573378,Purnia,Baisa,Hingu
87.7776034444635,26.0527382694733,Purnia,Baisa,Hingu
87.4290837594847,25.9520566315287,Purnia,Srinagar,Khokha
87.4342731803382,25.9801412877844,Purnia,Srinagar,Khokha
87.4164654432539,25.924256025838,Purnia,Srinagar,Khokha
87.3673472262521,25.7143483989434,Purnia,Krityanand Nagar,Kohbara urf Ramnagar
87.3687358589724,25.7236049079956,Purnia,Krityanand Nagar,Kohbara urf Ramnagar
87.3591421113702,25.7337888910525,Purnia,Krityanand Nagar,Kohbara urf Ramnagar
87.5592166490154,25.8871975362019,Purnia,Kasba,Kundalay
87.463087673558,25.8987615710616,Purnia,Kasba,Kundalay
87.5173244763657,25.8970457801148,Purnia,Kasba,Kundalay
87.2155167290406,25.8590156614288,Purnia,Banmankhi,Madhaipur
87.2956200500671,25.9147808768006,Purnia,Banmankhi,Madhaipur
87.0748917783551,25.9296955080704,Purnia,Banmankhi,Madhaipur
84.6146826058019,25.6626976164346,Purnia,Barhara,Nipania
84.5628033414748,25.6481417648402,Purnia,Barhara,Nipania
84.6123415110536,25.7216265952073,Purnia,Barhara,Nipania
87.0628435846904,25.5742034706707,Purnia,Bhawanipur,Sahiaganj
87.1753809779689,25.615018280622,Purnia,Bhawanipur,Sahiaganj
87.1465399138345,25.618608822343,Purnia,Bhawanipur,Sahiaganj
87.1773763313356,25.8133570169535,Purnia,Dhamdaha,Sarsi Istamrar
87.182156226785,25.7158049516664,Purnia,Dhamdaha,Sarsi Istamrar
87.2108272436153,25.7750746018259,Purnia,Dhamdaha,Sarsi Istamrar
87.6089894172479,25.6912579919747,Purnia,Purnia East,Sikandarpur
87.5559624166559,25.7470315731808,Purnia,Purnia East,Sikandarpur
87.4995095424996,25.7457665256144,Purnia,Purnia East,Sikandarpur
87.7394812792058,25.8180924592594,Purnia,Baisi,Tarabani
87.7844706207771,25.8353000596326,Purnia,Baisi,Tarabani
87.7027349613384,25.8264584423918,Purnia,Baisi,Tarabani
87.6620596360715,25.8788302676486,Purnia,Dagarua,Tauli
87.6946238719146,25.7570067644201,Purnia,Dagarua,Tauli
87.6019799871324,25.7982233937787,Purnia,Dagarua,Tauli
84.2383186657661,24.9855527033194,Rohtas,Dehri,Barawan
84.2421502329125,24.9395693548667,Rohtas,Dehri,Barawan
84.2282931112505,24.933320335506,Rohtas,Dehri,Barawan
83.8555515822776,24.7933549157857,Rohtas,Sheosagar,Bhagwalia
83.895573896357,24.7667593961837,Rohtas,Sheosagar,Bhagwalia
83.9293940402879,24.8423907003714,Rohtas,Sheosagar,Bhagwalia
83.8985212337544,25.1749996344793,Rohtas,Kochas,Bharhua
83.9507764766487,25.2046800691343,Rohtas,Kochas,Bharhua
83.942941701801,25.2715620572885,Rohtas,Kochas,Bharhua
83.9671905927272,25.1120275364194,Rohtas,Kargahar,Chandarbhan Patti
84.0015525786348,25.1076074594544,Rohtas,Kargahar,Chandarbhan Patti
84.0250862049454,25.1725506066636,Rohtas,Kargahar,Chandarbhan Patti
84.1941079466245,25.3385700312776,Rohtas,Dawath,Damdiha
84.2449196767457,25.3187535552757,Rohtas,Dawath,Damdiha
84.238693314964,25.3539630157095,Rohtas,Dawath,Damdiha
84.2568719356857,25.210822276308,Rohtas,Bikramganj,Dehra
84.1973169494123,25.2180799512375,Rohtas,Bikramganj,Dehra
84.1719926591947,25.2278619434073,Rohtas,Bikramganj,Dehra
84.1105678072832,25.1066853391268,Rohtas,Nokha,Dharampura
84.0705975994003,25.1216672424722,Rohtas,Nokha,Dharampura
84.0787814969498,25.0736677392611,Rohtas,Nokha,Dharampura
84.0528011856346,24.9177365810021,Rohtas,Sasaram,Fatehpur
84.0087389531489,24.9087540241131,Rohtas,Sasaram,Fatehpur
84.0564996482701,24.99684180593,Rohtas,Sasaram,Fatehpur
84.2560590625847,25.0235067572297,Rohtas,Akorhi Gola,Habbupur
84.189422449794,24.9652250360603,Rohtas,Akorhi Gola,Habbupur
84.2098261247326,25.0435761465075,Rohtas,Akorhi Gola,Habbupur
84.4126043571431,25.1118582103099,Rohtas,Nasriganj,Kachhawa
84.3237157389996,25.0608904378616,Rohtas,Nasriganj,Kachhawa
84.4506461187869,25.138483686808,Rohtas,Nasriganj,Kachhawa
83.9633278000345,24.7088036867682,Rohtas,Rohtas,Kachhuhar
83.9481780724873,24.6275490321041,Rohtas,Rohtas,Kachhuhar
83.9974707748894,24.7678363788133,Rohtas,Rohtas,Kachhuhar
84.2126845609855,25.1935624380446,Rohtas,Sanjhauli,Karmaini
84.1409187568145,25.1228467890608,Rohtas,Sanjhauli,Karmaini
84.1950010384487,25.1543891311332,Rohtas,Sanjhauli,Karmaini
83.8373368926428,24.8653984150052,Rohtas,Chenari,Khurmabad
83.8178545131369,24.9079529597086,Rohtas,Chenari,Khurmabad
83.7462369701418,24.8212910638405,Rohtas,Chenari,Khurmabad
84.2638222705257,25.2893833078665,Rohtas,Suryapura,Kosanda
84.2763880561137,25.266241362399,Rohtas,Suryapura,Kosanda
84.2851667227507,25.2925606333315,Rohtas,Suryapura,Kosanda
84.0876173010475,24.8753626286606,Rohtas,Tilouthu,Lewara
84.0088416675931,24.7950100565041,Rohtas,Tilouthu,Lewara
84.027825789745,24.7673967169687,Rohtas,Tilouthu,Lewara
84.1339862126546,25.2831397248941,Rohtas,Dinara,Mahesh Dehri
84.1363602838007,25.3524955671123,Rohtas,Dinara,Mahesh Dehri
84.0509397560942,25.2025273999137,Rohtas,Dinara,Mahesh Dehri
84.4336721955754,25.1672738388954,Rohtas,Karakat,Munji
84.270625602437,25.1592000354442,Rohtas,Karakat,Munji
84.4080054522923,25.1795331828507,Rohtas,Karakat,Munji
86.5834524389158,25.7762327286154,Saharsa,Simri Bakhtiarpur,Balhi
86.5718640952224,25.7514501874298,Saharsa,Simri Bakhtiarpur,Balhi
86.4394304019288,25.7437817557457,Saharsa,Simri Bakhtiarpur,Balhi
86.7196254674063,25.7795307888849,Saharsa,Saur Bazar,Bancholha
86.7376493992192,25.8160139524401,Saharsa,Saur Bazar,Bancholha
86.6872518817026,25.7954175836302,Saharsa,Saur Bazar,Bancholha
86.4582238868103,26.0144761127768,Saharsa,Nauhatta,Deoka
86.4233650011792,25.9598720704989,Saharsa,Nauhatta,Deoka
83.5744448992268,24.5316728251944,Saharsa,Nauhatta,Deoka
86.5632938184804,25.8254869007566,Saharsa,Kahara,Deona Gopal
86.5829708776264,25.8529122960918,Saharsa,Kahara,Deona Gopal
86.61081771203,25.8753374780025,Saharsa,Kahara,Deona Gopal
86.8190392491392,25.8227562053615,Saharsa,Patarghat,Dhabauli
86.7870232492618,25.8198230222965,Saharsa,Patarghat,Dhabauli
86.7986150466955,25.7990635637081,Saharsa,Patarghat,Dhabauli
86.6150937964079,25.7024636380868,Saharsa,Banma Itahri,Ghordaur
86.6703023422507,25.6307918738025,Saharsa,Banma Itahri,Ghordaur
86.6865037689203,25.6934829380497,Saharsa,Banma Itahri,Ghordaur
86.5738935068763,25.6206838600362,Saharsa,Salkhua,Khochardewa
86.6013644866328,25.6453514738734,Saharsa,Salkhua,Khochardewa
86.591200941314,25.6330877146474,Saharsa,Salkhua,Khochardewa
86.5835618891146,25.9173802707273,Saharsa,Satar Kataiya,Purikh
86.5791041479011,26.0026692291766,Saharsa,Satar Kataiya,Purikh
86.6021613568177,26.0121903715458,Saharsa,Satar Kataiya,Purikh
86.3685942076221,25.9304525363391,Saharsa,Mahishi,Tarhi
86.5029457218081,25.8705264081933,Saharsa,Mahishi,Tarhi
86.3692254971232,25.8784182910884,Saharsa,Mahishi,Tarhi
86.2086936963255,25.8838351131775,Samastipur,Singhia,Bangarhata
86.1752768089351,25.8970193450635,Samastipur,Singhia,Bangarhata
86.1763195127489,25.8558867819693,Samastipur,Singhia,Bangarhata
85.6901759979016,25.5143601209902,Samastipur,Mohiuddinagar,Bhadaia
85.6473483729839,25.6038193192235,Samastipur,Mohiuddinagar,Bhadaia
85.7078432290517,25.5971508997043,Samastipur,Mohiuddinagar,Bhadaia
85.9802135906156,25.8237638558182,Samastipur,Rosera,Bhoraha Bahera
86.0758678376276,25.8064960118778,Samastipur,Rosera,Bhoraha Bahera
86.0069635911153,25.8126328626306,Samastipur,Rosera,Bhoraha Bahera
85.8430455421791,25.9099057083658,Samastipur,Warisnagar,Darsur
85.8469773255422,25.8671332551245,Samastipur,Warisnagar,Darsur
85.9216703929686,25.9718186669924,Samastipur,Warisnagar,Darsur
85.6766862285135,25.6448552524192,Samastipur,Patori,Darwa
85.6631672117389,25.6620020868645,Samastipur,Patori,Darwa
85.6192456051192,25.6447628140054,Samastipur,Patori,Darwa
85.9559938104,25.8281775839992,Samastipur,Khanpur,Dinmanpur
85.9864070047931,25.9169100347732,Samastipur,Khanpur,Dinmanpur
85.9399815690371,25.8085571817876,Samastipur,Khanpur,Dinmanpur
86.2559623521938,25.7592805528773,Samastipur,Hasanpur,Goal Dhanaila
86.1548478974127,25.7948178133576,Samastipur,Hasanpur,Goal Dhanaila
86.0968140372131,25.7653726419283,Samastipur,Hasanpur,Goal Dhanaila
85.6505752603615,25.8983857477154,Samastipur,Pusa,Harpur Mohamda
85.6621248306966,25.9923022517147,Samastipur,Pusa,Harpur Mohamda
85.6623812012654,25.9795428964283,Samastipur,Pusa,Harpur Mohamda
85.7492964609503,25.9479729458922,Samastipur,Samastipur,Jagatsinghpur
85.7218847992472,25.8480639447373,Samastipur,Samastipur,Jagatsinghpur
85.7199321434526,25.8621355453027,Samastipur,Samastipur,Jagatsinghpur
85.876341772208,25.6834937764706,Samastipur,Dalsinghsarai,Konaila
85.8194137613407,25.6365387044994,Samastipur,Dalsinghsarai,Konaila
85.8318996993182,25.707419949882,Samastipur,Dalsinghsarai,Konaila
85.7133859639228,25.7982223014075,Samastipur,Sarairanjan,Lat Basepura
85.7220118427618,25.6701084740317,Samastipur,Sarairanjan,Lat Basepura
85.7361630948759,25.8116099668421,Samastipur,Sarairanjan,Lat Basepura
85.1740376689865,24.5408626483561,Samastipur,Mohanpur,Madhopur
85.1949172725004,24.4793680192693,Samastipur,Mohanpur,Madhopur
85.052920847523,24.5309145296537,Samastipur,Mohanpur,Madhopur
86.0366587253261,25.8464577305102,Samastipur,Shivaji Nagar,Madhurapur
86.0793097647607,25.8551602957771,Samastipur,Shivaji Nagar,Madhurapur
86.0847569622124,25.8466162686003,Samastipur,Shivaji Nagar,Madhurapur
85.7719501679293,25.7119323419485,Samastipur,Ujiarpur,Malti
85.8912111039287,25.7768582427176,Samastipur,Ujiarpur,Malti
85.8797214614744,25.7971460467114,Samastipur,Ujiarpur,Malti
85.6790105147305,25.6890188473352,Samastipur,Morwa,Morwa
85.6769576868182,25.7309947896825,Samastipur,Morwa,Morwa
85.620651024034,25.6919176001273,Samastipur,Morwa,Morwa
85.7259643028925,25.8329027300867,Samastipur,Tajpur,Muradpur Bangra
85.6714820296669,25.8722865350139,Samastipur,Tajpur,Muradpur Bangra
85.6992684777623,25.8371940929581,Samastipur,Tajpur,Muradpur Bangra
85.9173062641774,25.6966563791858,Samastipur,Bibhutpur,Patpara
85.9655575764972,25.6529739474297,Samastipur,Bibhutpur,Patpara
86.0054914549062,25.6079724979931,Samastipur,Bibhutpur,Patpara
85.8293961510597,25.5872976193017,Samastipur,Vidyapati Nagar,Sothiawan
85.8315508633861,25.5813412366052,Samastipur,Vidyapati Nagar,Sothiawan
85.731614656026,25.6023410194365,Samastipur,Vidyapati Nagar,Sothiawan
86.2946745067392,25.7426218458183,Samastipur,Bithan,Tetrahi
86.2826776576641,25.7213057871415,Samastipur,Bithan,Tetrahi
86.3098796116011,25.660750914162,Samastipur,Bithan,Tetrahi
85.0098036167793,25.964662870575,Saran,Maker,Baikunthpur
85.0171243512126,25.9878726419091,Saran,Maker,Baikunthpur
85.0506650447667,25.9438323269929,Saran,Maker,Baikunthpur
85.1066564869945,25.8943532906903,Saran,Parsa,Banauta
85.104971271299,25.8940842115539,Saran,Parsa,Banauta
84.9925080402637,25.9145865741177,Saran,Parsa,Banauta
84.5637255804749,25.9001236112087,Saran,Manjhi,Bhajauna
84.6279226357161,25.9437305649606,Saran,Manjhi,Bhajauna
84.5954006678928,25.8509178868094,Saran,Manjhi,Bhajauna
84.8973768122772,25.9703416888077,Saran,Marhaura,Bhawalpur
84.8283537211143,25.9612141180122,Saran,Marhaura,Bhawalpur
84.8285094388464,25.8958100613391,Saran,Marhaura,Bhawalpur
84.8864012005156,26.2080206622799,Saran,Panapur,Chakia
84.8903371316746,26.1758829717428,Saran,Panapur,Chakia
84.8901295837185,26.160361431817,Saran,Panapur,Chakia
85.0764972611516,25.7636374445868,Saran,Sonepur,Dumari Buzurg
85.1783618944104,25.6732594164587,Saran,Sonepur,Dumari Buzurg
85.1840925920861,25.6831288931779,Saran,Sonepur,Dumari Buzurg
84.7959735733041,25.9815811774459,Saran,Ishupur,Dumri
84.8630159075415,26.0059539530844,Saran,Ishupur,Dumri
84.8541133076393,26.00781451112,Saran,Ishupur,Dumri
84.8008845170945,25.8739982836395,Saran,Nagra,Katesar Buzurg
84.7361756956174,25.8997990784983,Saran,Nagra,Katesar Buzurg
84.7801508115841,25.8897044326298,Saran,Nagra,Katesar Buzurg
84.6181845185138,26.0917147093564,Saran,Lahladpur,Kishunpur Lauwar
84.5945635443222,26.0554838146423,Saran,Lahladpur,Kishunpur Lauwar
84.6508240641812,26.0707319016176,Saran,Lahladpur,Kishunpur Lauwar
84.8724685500717,25.9181297317562,Saran,Amnour,Kuari
84.9616285035529,25.9821176978046,Saran,Amnour,Kuari
84.9805816817835,25.9842616404225,Saran,Amnour,Kuari
84.8148068939887,26.1537830113024,Saran,Mashrakh,Lakhanpur
84.8051823869385,26.1261534394217,Saran,Mashrakh,Lakhanpur
84.7510126108297,26.040890511248,Saran,Mashrakh,Lakhanpur
84.7200235172642,25.7861177576055,Saran,Chapra,Mira Musehri
84.8038537126291,25.7133082147989,Saran,Chapra,Mira Musehri
84.7313255023826,25.7239193990523,Saran,Chapra,Mira Musehri
84.9974803123122,25.7346555000858,Saran,Dighwara,Nizama Chak
84.9936129673985,25.7556992928555,Saran,Dighwara,Nizama Chak
85.0478453530041,25.7698903872113,Saran,Dighwara,Nizama Chak
84.5765360822786,25.9760059211588,Saran,Ekma,Phuchti Khurd
84.6082351626348,25.9817318617939,Saran,Ekma,Phuchti Khurd
84.5785145629112,25.9693785961387,Saran,Ekma,Phuchti Khurd
84.6454273370649,25.9654141436756,Saran,Baniapur,Pindra
84.7013718754273,26.0095588367118,Saran,Baniapur,Pindra
84.7233867331161,25.9864187988157,Saran,Baniapur,Pindra
84.882995567022,26.107065855467,Saran,Taraiya,Piran Chak
84.9413401870976,26.0875672318708,Saran,Taraiya,Piran Chak
84.8920813597165,26.000647012211,Saran,Taraiya,Piran Chak
84.9005428029893,25.786766050502,Saran,Garkha,Rasidpur
84.8831317719062,25.7925270699061,Saran,Garkha,Rasidpur
84.8457479951096,25.7840772469223,Saran,Garkha,Rasidpur
84.6238623370955,25.9252298904078,Saran,Jalalpur,Russi
84.6451377009732,25.9338703587004,Saran,Jalalpur,Russi
84.6760733819772,25.848433619659,Saran,Jalalpur,Russi
85.0338311246169,25.8772892235728,Saran,Dariapur,Sarae Saho
84.9989128022022,25.7861782472518,Saran,Dariapur,Sarae Saho
84.9575712282878,25.8724864176593,Saran,Dariapur,Sarae Saho
84.6859433014353,25.8012109453947,Saran,Revelganj,Semaria Khurd
84.703458698015,25.7361742321748,Saran,Revelganj,Semaria Khurd
84.7210204473643,25.7361712437768,Saran,Revelganj,Semaria Khurd
85.7924353862127,25.1062768304816,Sheikhpura,Ariari,Dhanaul
85.7896245456996,25.0741431159042,Sheikhpura,Ariari,Dhanaul
85.7771999264168,25.0435560609992,Sheikhpura,Ariari,Dhanaul
85.8096924507338,25.2127898464139,Sheikhpura,Barbigha,Kabirpura
85.7499985141642,25.1704372438609,Sheikhpura,Barbigha,Kabirpura
85.7232914646424,25.2586031472906,Sheikhpura,Barbigha,Kabirpura
85.9277095791713,25.0188553818409,Sheikhpura,Chewara,Kamalgarh
85.9582600745548,25.0279872056142,Sheikhpura,Chewara,Kamalgarh
85.8931322941054,25.0171113828772,Sheikhpura,Chewara,Kamalgarh
85.7457287362205,25.097131279524,Sheikhpura,Sheikhpura,Mehuns
85.9437083192858,25.146270193439,Sheikhpura,Sheikhpura,Mehuns
85.8482378063776,25.1830094104199,Sheikhpura,Sheikhpura,Mehuns
85.9498504190063,25.1727978817334,Sheikhpura,Ghat Kusumbha,Oraia
85.9185990426408,25.2024501736979,Sheikhpura,Ghat Kusumbha,Oraia
85.9207290586574,25.1647514227379,Sheikhpura,Ghat Kusumbha,Oraia
85.7010635361793,25.1216670083098,Sheikhpura,Shekhopur Sarai,Unaman
85.6151448063015,25.1141592730105,Sheikhpura,Shekhopur Sarai,Unaman
85.7409310076212,25.1353931578031,Sheikhpura,Shekhopur Sarai,Unaman
85.3560512653978,26.5644900046843,Sheohar,Purnahiya,Basant Jagjiwan
85.302746193242,26.598344253926,Sheohar,Purnahiya,Basant Jagjiwan
85.2790809294296,26.6118092749669,Sheohar,Purnahiya,Basant Jagjiwan
85.2648509984132,26.5682511520111,Sheohar,Piprarhi,Belwa Narkatia Nizamat
85.2650173316811,26.5670467027263,Sheohar,Piprarhi,Belwa Narkatia Nizamat
85.2766701089808,26.5974486525801,Sheohar,Piprarhi,Belwa Narkatia Nizamat
85.2257277858674,26.5239832812567,Sheohar,Sheohar,Bisahi
85.3490731892222,26.4950795080263,Sheohar,Sheohar,Bisahi
85.2548785267376,26.515745613297,Sheohar,Sheohar,Bisahi
85.2473557659402,26.5035733749481,Sheohar,Dumri Katsari,Gosainpur Nilami
85.221064420823,26.4587865758601,Sheohar,Dumri Katsari,Gosainpur Nilami
85.2130213558923,26.4933071836374,Sheohar,Dumri Katsari,Gosainpur Nilami
85.3615195042773,26.4161708314198,Sheohar,Tariani Chowk,Kop Garh
85.3177622035029,26.4667974177343,Sheohar,Tariani Chowk,Kop Garh
85.2769084185417,26.3908955552522,Sheohar,Tariani Chowk,Kop Garh
85.4578709308045,26.7038094231395,Sitamarhi,Bathnaha,Arazi Shahpur Sitalpatti
85.6215391643932,26.647724261139,Sitamarhi,Bathnaha,Arazi Shahpur Sitalpatti
85.4930043857638,26.6799572721485,Sitamarhi,Bathnaha,Arazi Shahpur Sitalpatti
85.2442993823671,26.6631140176246,Sitamarhi,Bairgania,Bairgania
85.3258008067248,26.7019358705435,Sitamarhi,Bairgania,Bairgania
85.3173957893816,26.7321208832817,Sitamarhi,Bairgania,Bairgania
85.6101839938621,26.6236665208981,Sitamarhi,Sursand,Bakhari
85.6731186773407,26.6323288697676,Sitamarhi,Sursand,Bakhari
85.6897441856698,26.6002752605721,Sitamarhi,Sursand,Bakhari
85.7145327917482,26.447201974682,Sitamarhi,Pupri,Balha Madsudan
85.6725849122869,26.4711356414933,Sitamarhi,Pupri,Balha Madsudan
85.755333043206,26.4990347885312,Sitamarhi,Pupri,Balha Madsudan
85.6497193647802,26.5785122712111,Sitamarhi,Bajpatti,Bangraha urf Mahindpur
85.6271853198982,26.4997322716285,Sitamarhi,Bajpatti,Bangraha urf Mahindpur
85.6076916867351,26.5408795850515,Sitamarhi,Bajpatti,Bangraha urf Mahindpur
85.6236684916645,26.7269228035958,Sitamarhi,Parihar,Bathuar
85.7252961065582,26.7522615569487,Sitamarhi,Parihar,Bathuar
85.6375896540332,26.6694869505037,Sitamarhi,Parihar,Bathuar
85.4297472244132,26.747195348531,Sitamarhi,Majorganj,Bisambharpur Nankar
85.3896388690924,26.6993734282514,Sitamarhi,Majorganj,Bisambharpur Nankar
85.452811923027,26.7151292635048,Sitamarhi,Majorganj,Bisambharpur Nankar
85.7809392205244,26.5240994671301,Sitamarhi,Charaut,Jadupatti urf Semra
85.77679988235,26.5353632290602,Sitamarhi,Charaut,Jadupatti urf Semra
85.7644289154712,26.5211746331123,Sitamarhi,Charaut,Jadupatti urf Semra
85.3713180764437,26.648303628615,Sitamarhi,Suppi,Jamal Parsa
85.3447767671956,26.7141518059071,Sitamarhi,Suppi,Jamal Parsa
85.3774291665328,26.6827561263154,Sitamarhi,Suppi,Jamal Parsa
85.4685692268215,26.4071811494273,Sitamarhi,Runisaidpur,Masumnagar urf Premnagar
85.4663228642561,26.3360302011377,Sitamarhi,Runisaidpur,Masumnagar urf Premnagar
85.4113292166825,26.3500998510501,Sitamarhi,Runisaidpur,Masumnagar urf Premnagar
85.5900853534792,26.3946619477987,Sitamarhi,Nanpur,Ramnagar Bhadian
85.6135988644231,26.4138463411388,Sitamarhi,Nanpur,Ramnagar Bhadian
85.6438171163772,26.4152852708874,Sitamarhi,Nanpur,Ramnagar Bhadian
85.5223395176895,26.5118825660619,Sitamarhi,Dumra,Ranjitpur urf Gobipur Daur
85.489071190532,26.5360483313633,Sitamarhi,Dumra,Ranjitpur urf Gobipur Daur
85.5605720171361,26.5687697196751,Sitamarhi,Dumra,Ranjitpur urf Gobipur Daur
85.6463235358557,26.3542932708104,Sitamarhi,Bokhara,Siari
85.6956530867537,26.3378550304824,Sitamarhi,Bokhara,Siari
85.6216412548447,26.3334077304428,Sitamarhi,Bokhara,Siari
85.571679056996,26.8094225102142,Sitamarhi,Sonbarsa,Sihorwa
85.6057552739544,26.8353903346394,Sitamarhi,Sonbarsa,Sihorwa
85.4964912490605,26.7677537724396,Sitamarhi,Sonbarsa,Sihorwa
85.3744110146278,26.436887581261,Sitamarhi,Belsand,Sirsian
85.4290676380442,26.4086677418058,Sitamarhi,Belsand,Sirsian
85.447512820838,26.4072403153231,Sitamarhi,Belsand,Sirsian
85.4309950575383,26.6238330236047,Sitamarhi,Riga,Sonar
85.4546101393803,26.6238962682386,Sitamarhi,Riga,Sonar
85.4940099973281,26.6033753713503,Sitamarhi,Riga,Sonar
85.4134716590963,26.5238497926889,Sitamarhi,Parsauni,Sonargawan
85.4228640430128,26.4900272994717,Sitamarhi,Parsauni,Sonargawan
85.4462259135241,26.5064798995934,Sitamarhi,Parsauni,Sonargawan
84.2358674162814,26.0542308678749,Siwan,Andar,Balia
84.2066220093348,26.0185573977038,Siwan,Andar,Balia
84.2540869552522,26.1148042720317,Siwan,Andar,Balia
84.6556093405149,26.2310114158011,Siwan,Lakri Nabiganj,Bhada Khurd
84.7221220098679,26.2200188125076,Siwan,Lakri Nabiganj,Bhada Khurd
84.6520439010996,26.245994053171,Siwan,Lakri Nabiganj,Bhada Khurd
84.4525493355144,26.1955035501499,Siwan,Pachrukhi,Bhatwalia
84.4066028033962,26.2050743250844,Siwan,Pachrukhi,Bhatwalia
84.3938023610741,26.1480601812786,Siwan,Pachrukhi,Bhatwalia
84.3549983933608,26.0672682545951,Siwan,Siswan,Bhikhpur Bhagwanpur
84.339557575454,26.019011713239,Siwan,Siswan,Bhikhpur Bhagwanpur
84.4018027146099,25.9679460005338,Siwan,Siswan,Bhikhpur Bhagwanpur
84.2166714010131,26.0162630141595,Siwan,Raghunathpur,Firozpur
84.2333331686181,26.0003929171071,Siwan,Raghunathpur,Firozpur
84.304099325168,25.9477263191892,Siwan,Raghunathpur,Firozpur
84.2576597357285,26.1841165740541,Siwan,Ziradei,Hasua
84.2528203207882,26.1907579808627,Siwan,Ziradei,Hasua
84.2680260925815,26.2811958558915,Siwan,Ziradei,Hasua
84.4581133545972,26.0915562810442,Siwan,Daraundha,Khamhoura
84.5222332157722,26.0830680569889,Siwan,Daraundha,Khamhoura
84.4401680570686,26.0468023131732,Siwan,Daraundha,Khamhoura
84.2693508464658,26.271869843694,Siwan,Siwan,Khudra
84.3966393358719,26.2891284076232,Siwan,Siwan,Khudra
84.3607384578499,26.2585902389793,Siwan,Siwan,Khudra
84.5816493514371,26.1467424018677,Siwan,Bhagwanpur Hat,Munra
84.7394609613181,26.1359519355643,Siwan,Bhagwanpur Hat,Munra
84.5877084267649,26.118093545203,Siwan,Bhagwanpur Hat,Munra
84.4705615809798,26.328552019559,Siwan,Barharia,Narharpur
84.502258346131,26.3023010740243,Siwan,Barharia,Narharpur
84.4721569513264,26.2812593786221,Siwan,Barharia,Narharpur
84.5573578553289,26.2027646341528,Siwan,Goriakothi,Nautan
84.6080832603498,26.2318447117849,Siwan,Goriakothi,Nautan
84.5699166858518,26.3168775455353,Siwan,Goriakothi,Nautan
84.3544507666832,26.1502643329109,Siwan,Hussainganj,Pakaulia
84.3701561986782,26.1870473445062,Siwan,Hussainganj,Pakaulia
84.3273300895303,26.1984779121297,Siwan,Hussainganj,Pakaulia
84.4000779385958,26.0499659883398,Siwan,Hasanpura,Parauli
84.4154991556525,26.1201034528196,Siwan,Hasanpura,Parauli
84.4166756304782,26.0976622173527,Siwan,Hasanpura,Parauli
84.0753928075186,26.112786624192,Siwan,Darauli,Pataua Buzurg
84.1483202705427,26.0463094280366,Siwan,Darauli,Pataua Buzurg
84.1662605084155,26.1598154075974,Siwan,Darauli,Pataua Buzurg
84.4847027831444,26.1910781455307,Siwan,Maharajganj,Sarangpur
84.4963420767037,26.1847682016161,Siwan,Maharajganj,Sarangpur
84.5526873828376,26.0887158828188,Siwan,Maharajganj,Sarangpur
84.1809849575493,26.2300101563756,Siwan,Mairwa,Sirsia
84.167326345813,26.2224292924522,Siwan,Mairwa,Sirsia
84.1193573154863,26.243158837686,Siwan,Mairwa,Sirsia
84.0542127190519,26.1622417478806,Siwan,Guthani,Sohagra
84.0512559212554,26.1185713036347,Siwan,Guthani,Sohagra
84.0695595047988,26.1662892434506,Siwan,Guthani,Sohagra
87.0237244713475,26.4502845027727,Supaul,Basantpur,Banaili Patti
87.0328443296699,26.4604627742699,Supaul,Basantpur,Banaili Patti
84.6399312428796,26.2150128100466,Supaul,Basantpur,Banaili Patti
85.3806530446616,25.5577943630123,Supaul,Raghopur,Dhurgawan
85.4868099412652,25.5209111298443,Supaul,Raghopur,Dhurgawan
86.8160434067122,26.2835807644931,Supaul,Raghopur,Dhurgawan
87.0127185426024,26.1923414387239,Supaul,Chhatapur,Gareria Chakla
87.0386847459693,26.3571117643441,Supaul,Chhatapur,Gareria Chakla
87.0851677523073,26.1319904604477,Supaul,Chhatapur,Gareria Chakla
87.0692792649913,26.0718346661573,Supaul,Tribeniganj,Gorha
86.9196676268448,26.1897277234988,Supaul,Tribeniganj,Gorha
87.0530739924373,26.1010758009926,Supaul,Tribeniganj,Gorha
86.6193727032264,26.2866428047167,Supaul,Kishanpur,Katmungra
86.7574997662401,26.2096718113078,Supaul,Kishanpur,Katmungra
86.6202617229712,26.2691450831432,Supaul,Kishanpur,Katmungra
86.7087846288328,26.3485079107797,Supaul,Nirmali,Kunali
86.8154675092706,26.4399067076923,Supaul,Nirmali,Kunali
86.6148194920635,26.3009354700446,Supaul,Nirmali,Kunali
86.5525778837763,26.2768063296676,Supaul,Marauna,Lalmania
86.5774639610827,26.2217385032547,Supaul,Marauna,Lalmania
86.5386729891631,26.2253551056621,Supaul,Marauna,Lalmania
86.7950899804494,26.1064106598679,Supaul,Pipra,Lalpur
86.7864270540229,26.1250433688896,Supaul,Pipra,Lalpur
86.7716315997493,26.1522250695457,Supaul,Pipra,Lalpur
86.7408077196365,26.3133304531064,Supaul,Saraigarh Bhaptiyahi,Laukaha
86.8135604768388,26.375847960923,Supaul,Saraigarh Bhaptiyahi,Laukaha
86.8153543175608,26.3124457517062,Supaul,Saraigarh Bhaptiyahi,Laukaha
86.9084257016365,26.3150303439543,Supaul,Pratapganj,Situhar
86.9845748183186,26.3317661570212,Supaul,Pratapganj,Situhar
86.9237819838653,26.2642510032261,Supaul,Pratapganj,Situhar
86.597102757419,26.0960450108211,Supaul,Supaul,Sukaila
86.4831885401544,26.071387316501,Supaul,Supaul,Sukaila
86.6322094599116,26.1186755241292,Supaul,Supaul,Sukaila
85.2039563216819,25.9958597921049,Vaishali,Paterhi Belsar,Belaur Urf BaikurthpurRagho
85.2442892560885,26.0033767558732,Vaishali,Paterhi Belsar,Belaur Urf BaikurthpurRagho
85.2742049708713,25.992135962621,Vaishali,Paterhi Belsar,Belaur Urf BaikurthpurRagho
85.1740348389457,25.9601571572304,Vaishali,Vaishali,Bhagwatpur
85.2011264072643,25.9476151184609,Vaishali,Vaishali,Bhagwatpur
85.1197691193688,25.9762408998277,Vaishali,Vaishali,Bhagwatpur
85.3561846461978,25.8683180236406,Vaishali,Goraul,Bhualpur Urf Bahadurpur
85.2996229748953,25.9422069225857,Vaishali,Goraul,Bhualpur Urf Bahadurpur
85.3209795030506,25.9188789240754,Vaishali,Goraul,Bhualpur Urf Bahadurpur
85.1964202711489,25.7836143280182,Vaishali,Hajipur,Daulatpur Chandi
85.2765827292272,25.7266981888395,Vaishali,Hajipur,Daulatpur Chandi
85.276437207616,25.7636261843606,Vaishali,Hajipur,Daulatpur Chandi
85.4498255235901,25.6042975627456,Vaishali,Sahdai Buzurg,Dubha
85.4597367636931,25.6629601136613,Vaishali,Sahdai Buzurg,Dubha
85.5118588836934,25.6828844337217,Vaishali,Sahdai Buzurg,Dubha
85.4323216096454,25.8366622889763,Vaishali,Mahua,Hakimpur
85.4112007365819,25.8264523057807,Vaishali,Mahua,Hakimpur
85.4721287036983,25.8183732514451,Vaishali,Mahua,Hakimpur
85.5703412068436,25.9191754452849,Vaishali,Patepur,Khajanpura Urf Tajpur Khauzpur
85.6183212209,25.7648815716522,Vaishali,Patepur,Khajanpura Urf Tajpur Khauzpur
85.4771161782247,25.8532548889344,Vaishali,Patepur,Khajanpura Urf Tajpur Khauzpur
85.3476866949502,25.7041616643366,Vaishali,Bidupur,Maheshwarpur Tajpur
85.276547007101,25.6624984757307,Vaishali,Bidupur,Maheshwarpur Tajpur
85.3853417417825,25.6657843060451,Vaishali,Bidupur,Maheshwarpur Tajpur
85.5257236405294,25.6203537911167,Vaishali,Mahnar,Mahindwara
85.5479857993752,25.628290937696,Vaishali,Mahnar,Mahindwara
85.521665302447,25.6380329372123,Vaishali,Mahnar,Mahindwara
85.9540428672569,25.51851292634,Vaishali,Bhagwanpur,Manganpur
85.9970417847621,25.5348285074775,Vaishali,Bhagwanpur,Manganpur
83.6706337861642,24.929597729273,Vaishali,Bhagwanpur,Manganpur
85.4262394245735,25.8515248574694,Vaishali,Chehra Kalan,Mathna Mal Urf Mohammadpur
85.4668991737015,25.8466393014986,Vaishali,Chehra Kalan,Mathna Mal Urf Mohammadpur
85.4003837472532,25.9016820194387,Vaishali,Chehra Kalan,Mathna Mal Urf Mohammadpur
85.5998873905278,25.7124427119637,Vaishali,Jandaha,Nari Khurd
85.4292565446548,25.7184103085783,Vaishali,Jandaha,Nari Khurd
85.4965668308434,25.7534286239592,Vaishali,Jandaha,Nari Khurd
85.153808753036,25.848118417325,Vaishali,Lalganj,Rampur Bakhra
85.1829414093871,25.8207893754078,Vaishali,Lalganj,Rampur Bakhra
85.2575942966834,25.7982335116703,Vaishali,Lalganj,Rampur Bakhra
85.3697215988319,25.6804686057396,Vaishali,Raja Pakar,Rampur Ratnagar
85.3136214296828,25.7932948186275,Vaishali,Raja Pakar,Rampur Ratnagar
85.3764226222259,25.7141467926512,Vaishali,Raja Pakar,Rampur Ratnagar
85.3989439095986,25.6461439411932,Vaishali,Desri,Uphraul
85.4268683565947,25.5814316207153,Vaishali,Desri,Uphraul
85.4204499442373,25.5805673037145,Vaishali,Desri,Uphraul
